Country,Year,Life_Expectancy,Expected_Schooling,Mean_Schooling,GNI_Per_Capita,HDI,Log_GNI
Alandia,2003,79.3,16.9,12.5,61824.5,0.913,11.032055005013607
Alandia,2004,79.5,17.0,12.5,52744.0,0.917,10.873205300793135
Alandia,2005,79.5,16.9,12.5,53724.8,0.917,10.89162999884208
Alandia,2006,79.6,17.0,12.6,54740.9,0.92,10.910366423818665
Alandia,2007,79.7,17.0,12.6,55775.2,0.922,10.929084605130251
Alandia,2008,79.8,17.1,12.7,56825.9,0.925,10.94774748669475
Alandia,2009,79.8,17.1,12.7,57883.3,0.925,10.96618419363294
Alandia,2010,80.3,17.3,12.8,59013.4,0.932,10.98551981574439
Alandia,2011,80.4,17.3,12.8,60127.3,0.935,11.004219260314665
Alandia,2012,80.3,17.3,12.8,61240.1,0.934,11.022557482689948
Alandia,2013,80.5,17.4,12.9,62408.9,0.938,11.041463172392211
Alandia,2014,80.6,17.4,12.9,63585.4,0.941,11.060139163226914
Alandia,2015,80.8,17.5,13.0,61824.5,0.943,11.032055005013607
Alandia,2016,80.7,17.5,13.0,65998.0,0.944,11.097379717519113
Alandia,2017,81.0,17.6,13.1,67260.9,0.949,11.11633436611464
Alandia,2018,81.3,17.7,13.1,68544.5,0.953,11.135238448365316
Alandia,2019,81.6,17.9,13.2,69859.5,0.958,11.154241361163724
Alandia,2020,81.5,17.8,13.2,71157.8,0.958,11.172655225056774
Alandia,2021,81.6,17.9,13.3,72499.9,0.96,11.19134046153147
Alandia,2022,81.7,17.9,13.3,73863.8,0.962,11.20997813576982
Belgique,2003,78.0,14.2,12.9,63859.8,0.895,11.064445334412945
Belgique,2004,78.4,14.3,13.0,66133.1,0.901,11.099424656932769
Belgique,2005,78.3,14.3,13.0,68442.3,0.903,11.133746333519776
Belgique,2006,78.4,14.3,13.0,70841.7,0.905,11.168203089350218
Belgique,2007,78.7,14.5,13.1,73355.2,0.911,11.203068674037208
Belgique,2008,78.7,14.4,13.1,75000.0,0.911,11.225243392518447
Belgique,2009,79.0,14.6,13.2,75000.0,0.915,11.225243392518447
Belgique,2010,79.0,14.8,13.2,75000.0,0.914,11.225243392518447
Belgique,2011,79.2,14.6,13.2,75000.0,0.917,11.225243392518447
Belgique,2012,79.5,14.7,13.3,75000.0,0.921,11.225243392518447
Belgique,2013,79.7,14.8,13.4,75000.0,0.924,11.225243392518447
Belgique,2014,79.8,14.9,13.4,75000.0,0.925,11.225243392518447
Belgique,2015,79.9,14.9,13.5,75000.0,0.927,11.225243392518447
Belgique,2016,80.1,15.0,13.5,75000.0,0.928,11.225243392518447
Belgique,2017,80.1,15.0,13.5,75000.0,0.929,11.225243392518447
Belgique,2018,80.4,15.1,13.6,75000.0,0.932,11.225243392518447
Belgique,2019,80.6,15.1,13.7,75000.0,0.934,11.225243392518447
Belgique,2020,80.9,15.3,13.7,75000.0,0.938,11.225243392518447
Belgique,2021,81.0,15.3,13.8,75000.0,0.939,11.225243392518447
Belgique,2022,80.9,15.2,13.8,75000.0,0.938,11.225243392518447
Canada,2003,77.9,16.4,11.2,64573.1,0.897,11.075553194379797
Canada,2004,78.1,16.5,11.2,66791.2,0.901,11.109326614319773
Canada,2005,78.2,16.6,11.3,69082.3,0.904,11.143053826437106
Canada,2006,78.3,16.6,11.3,71450.6,0.907,11.176761580803511
Canada,2007,78.4,16.6,11.3,73891.9,0.909,11.210358493351135
Canada,2008,78.5,16.6,11.6,75000.0,0.911,11.225243392518447
Canada,2009,78.5,16.6,11.4,75000.0,0.911,11.225243392518447
Canada,2010,78.9,16.8,11.5,75000.0,0.917,11.225243392518447
Canada,2011,78.9,16.8,11.5,75000.0,0.917,11.225243392518447
Canada,2012,79.1,16.8,11.5,75000.0,0.918,11.225243392518447
Canada,2013,79.4,17.0,11.6,75000.0,0.922,11.225243392518447
Canada,2014,79.3,16.9,11.6,75000.0,0.921,11.225243392518447
Canada,2015,79.6,17.1,11.7,75000.0,0.925,11.225243392518447
Canada,2016,79.7,17.1,11.7,75000.0,0.926,11.225243392518447
Canada,2017,79.7,17.1,11.7,75000.0,0.926,11.225243392518447
Canada,2018,79.9,17.2,11.8,75000.0,0.929,11.225243392518447
Canada,2019,80.2,17.3,11.8,75000.0,0.932,11.225243392518447
Canada,2020,80.3,17.3,11.9,75000.0,0.933,11.225243392518447
Canada,2021,80.5,17.4,11.9,75000.0,0.936,11.225243392518447
Canada,2022,80.5,17.4,11.9,75000.0,0.936,11.225243392518447
Danemark,2003,80.0,15.6,11.9,32839.7,0.874,10.399393428323664
Danemark,2004,79.9,15.6,11.9,33400.1,0.875,10.416314172972285
Danemark,2005,80.2,15.8,12.0,34009.2,0.881,10.434386355231199
Danemark,2006,80.3,15.9,12.1,34616.9,0.885,10.452097281104525
Danemark,2007,80.5,16.1,12.3,35240.7,0.89,10.46995694364398
Danemark,2008,80.4,16.1,12.3,35844.1,0.891,10.486934257867421
Danemark,2009,80.5,16.2,12.4,36475.7,0.895,10.504401564433705
Danemark,2010,80.7,16.3,12.5,37124.4,0.899,10.522029714358238
Danemark,2011,80.9,16.5,12.6,37795.6,0.904,10.539947972716025
Danemark,2012,81.0,16.6,12.7,38458.5,0.907,10.557335016822128
Danemark,2013,81.0,16.7,12.8,38458.5,0.909,10.557335016822128
Danemark,2014,81.2,16.8,12.9,39833.5,0.914,10.592463545777258
Danemark,2015,81.2,16.9,12.9,40534.2,0.917,10.609901341196458
Danemark,2016,81.4,17.1,13.1,41260.2,0.922,10.627653633923238
Danemark,2017,81.4,17.1,13.1,41973.5,0.923,10.644793745750333
Danemark,2018,81.5,17.3,13.2,42720.2,0.927,10.662427155271057
Danemark,2019,81.6,17.4,13.3,43475.7,0.93,10.679957440300452
Danemark,2020,81.6,17.4,13.4,44234.4,0.933,10.697258045905523
Danemark,2021,81.9,17.6,13.5,45035.1,0.938,10.715197464710549
Danemark,2022,82.0,17.7,13.6,45831.7,0.942,10.732731270422027
Estonia,2003,77.1,15.5,11.8,39331.7,0.868,10.579786088493758
Estonia,2004,77.0,15.6,11.9,47002.6,0.87,10.757958198311083
Estonia,2005,77.3,15.8,12.0,40748.5,0.876,10.61517430817556
Estonia,2006,77.7,16.0,12.2,41505.4,0.883,10.633578818235781
Estonia,2007,77.7,16.1,12.3,42237.9,0.886,10.651073201235176
Estonia,2008,77.7,16.2,13.0,42981.5,0.888,10.668525069540978
Estonia,2009,77.9,16.3,12.5,43761.3,0.893,10.686505144150033
Estonia,2010,78.1,16.5,12.6,44549.9,0.898,10.704365188227525
Estonia,2011,78.4,16.7,12.8,45362.8,0.904,10.722447664891577
Estonia,2012,78.5,16.8,12.9,46173.8,0.907,10.740167816640952
Estonia,2013,78.7,16.9,13.0,47002.6,0.912,10.757958198311083
Estonia,2014,78.9,16.8,13.1,47855.2,0.917,10.775935063912884
Estonia,2015,79.1,17.3,13.2,48721.2,0.922,10.793869532622324
Estonia,2016,79.2,17.4,13.3,49590.5,0.925,10.81155456211031
Estonia,2017,79.3,17.5,13.4,50479.9,0.929,10.829330516230565
Estonia,2018,78.5,17.7,13.6,51390.0,0.934,10.847198879986275
Estonia,2019,79.8,17.9,13.7,52322.5,0.939,10.865181767864133
Estonia,2020,79.9,18.0,13.8,53260.6,0.943,10.882952124794517
Estonia,2021,80.1,18.0,13.9,54226.9,0.947,10.900932374269784
Estonia,2022,80.1,18.0,14.0,55183.5,0.948,10.9184192745383
Finland,2003,81.5,14.7,12.4,44126.9,0.894,10.69482485279865
Finland,2004,83.9,14.8,12.5,45490.9,0.899,10.725267584936375
Finland,2005,82.0,14.9,12.6,60698.35,0.905,11.013671793811572
Finland,2006,82.2,15.0,12.7,48338.0,0.909,10.785973279797922
Finland,2007,82.3,15.0,12.7,49816.9,0.912,10.816109562873754
Finland,2008,82.7,15.2,12.9,51368.3,0.919,10.846776529668636
Finland,2009,82.8,15.3,12.9,52939.5,0.922,10.876905031082165
Finland,2010,83.2,15.5,13.0,54586.1,0.928,10.907534550567746
Finland,2012,83.8,15.7,13.2,58011.8,0.939,10.968401717111625
Finland,2013,83.8,15.7,13.3,59775.2,0.941,10.998346138201313
Finland,2014,84.0,15.8,13.4,61621.5,0.946,11.028766114600241
Finland,2015,84.4,16.0,13.5,63531.4,0.952,11.059289550850764
Finland,2016,84.4,16.0,13.5,65468.0,0.954,11.089316752625775
Finland,2017,84.8,16.2,13.6,67499.8,0.96,11.11987991389327
Finland,2018,85.0,16.3,13.7,69590.1,0.966,11.150377594825937
Finland,2019,85.0,16.3,13.7,71704.4,0.967,11.180307391510983
Finland,2020,85.0,16.5,13.9,73931.9,0.972,11.21089967820738
Finland,2021,85.0,16.6,14.0,75000.0,0.975,11.225243392518447
Finland,2022,85.0,16.7,14.1,75000.0,0.977,11.225243392518447
Germany,2003,79.1,15.1,12.5,61606.9,0.902,11.028529156235638
Germany,2004,79.4,15.2,12.6,63903.4,0.908,11.065127847087838
Germany,2005,79.6,15.3,12.6,66272.1,0.913,11.101524273127055
Germany,2006,79.7,15.3,13.3,68721.9,0.916,11.13782320470433
Germany,2007,80.2,15.6,12.8,71299.9,0.924,11.17465020387686
Germany,2008,80.4,15.7,12.9,73953.0,0.93,11.211185035267407
Germany,2009,80.6,15.8,13.0,75000.0,0.934,11.225243392518447
Germany,2010,80.7,15.8,13.1,75000.0,0.935,11.225243392518447
Germany,2011,81.0,15.9,13.2,75000.0,0.939,11.225243392518447
Germany,2012,81.2,16.0,13.2,75000.0,0.942,11.225243392518447
Germany,2013,81.7,16.0,13.4,75000.0,0.948,11.225243392518447
Germany,2014,82.0,16.4,13.5,75000.0,0.952,11.225243392518447
Germany,2015,82.1,16.4,13.6,75000.0,0.954,11.225243392518447
Germany,2016,82.5,16.6,13.7,75000.0,0.958,11.225243392518447
Germany,2017,82.5,16.6,13.7,75000.0,0.959,11.225243392518447
Germany,2018,82.9,16.8,13.8,75000.0,0.964,11.225243392518447
Germany,2019,83.0,16.8,13.9,75000.0,0.966,11.225243392518447
Germany,2020,83.3,17.0,14.0,75000.0,0.97,11.225243392518447
Germany,2021,83.7,17.1,13.3,75000.0,0.976,11.225243392518447
Germany,2022,83.9,17.2,14.2,75000.0,0.978,11.225243392518447
Honshu,2003,80.7,16.3,12.0,51027.1,0.909,10.840112143127081
Honshu,2004,82.2,16.5,12.1,52436.6,0.915,10.867360099772641
Honshu,2005,81.0,16.6,12.2,53861.7,0.918,10.894174929179771
Honshu,2006,81.3,16.8,12.3,55342.2,0.924,10.921291006797214
Honshu,2007,81.4,16.9,13.0,56851.2,0.928,10.948192607135327
Honshu,2008,81.5,17.0,12.5,58398.3,0.932,10.975042058803584
Honshu,2009,81.5,17.1,12.6,59985.7,0.935,11.001861479465003
Honshu,2010,81.6,17.2,12.7,61617.6,0.938,11.028702822998772
Honshu,2011,81.9,17.3,12.8,63311.7,0.944,11.055825425175769
Honshu,2012,82.2,17.5,12.9,65054.0,0.95,11.082972973210794
Honshu,2013,82.2,17.6,13.0,66824.2,0.954,11.109820569367933
Honshu,2014,82.2,17.7,13.0,68634.7,0.956,11.13655351672844
Honshu,2015,82.5,17.9,13.2,70523.8,0.962,11.163705520482614
Honshu,2016,82.6,18.0,13.3,72452.1,0.967,11.190680932836003
Honshu,2017,82.6,18.0,13.4,74418.2,0.969,11.217455814561609
Honshu,2018,82.9,18.0,13.5,75000.0,0.972,11.225243392518447
Honshu,2019,83.0,18.0,13.6,75000.0,0.974,11.225243392518447
Honshu,2020,83.0,18.0,13.6,75000.0,0.975,11.225243392518447
Honshu,2021,83.3,18.0,13.8,75000.0,0.978,11.225243392518447
Honshu,2022,83.5,18.0,13.9,75000.0,0.98,11.225243392518447
Iceland,2003,81.2,16.1,11.7,41688.8,0.896,10.637987786579552
Iceland,2004,81.5,16.3,11.9,43166.1,0.903,10.672810743954328
Iceland,2005,81.8,16.5,12.0,44692.4,0.909,10.707558743774854
Iceland,2006,82.0,16.5,12.0,58940.5,0.913,10.984283739458961
Iceland,2007,82.4,16.7,12.2,47895.1,0.92,10.776768481715429
Iceland,2008,82.6,16.8,12.3,49578.8,0.925,10.811318601988491
Iceland,2009,82.8,16.9,12.4,51317.7,0.93,10.845791000889726
Iceland,2010,83.0,17.1,12.5,53125.2,0.935,10.880406670925513
Iceland,2011,83.2,17.1,12.6,54983.7,0.939,10.914792056653862
Iceland,2012,83.4,17.3,12.7,56917.9,0.945,10.949365157637036
Iceland,2013,83.8,17.5,12.8,58940.5,0.952,10.984283739458961
Iceland,2014,84.0,17.6,12.9,61007.0,0.957,11.018743890670061
Iceland,2015,84.3,17.7,13.0,63165.0,0.963,11.053505629264137
Iceland,2016,84.5,17.9,13.1,65385.6,0.968,11.08805732971511
Iceland,2017,84.7,17.9,13.2,67677.0,0.972,11.122501667056532
Iceland,2018,85.0,18.0,13.4,70083.7,0.978,11.157445521020223
Iceland,2019,85.0,18.0,13.5,72545.2,0.981,11.19196509485549
Iceland,2020,85.0,18.0,13.6,75000.0,0.984,11.225243392518447
Iceland,2021,85.0,18.0,13.7,75000.0,0.985,11.225243392518447
Iceland,2022,85.0,18.0,13.8,75000.0,0.986,11.225243392518447
Japan,2003,80.3,16.4,11.5,52576.8,0.903,10.870030236789399
Japan,2004,80.3,16.4,11.5,53462.2,0.905,10.886730141109553
Japan,2005,80.2,16.4,11.5,54351.5,0.905,10.903227491064557
Japan,2006,80.5,16.6,11.7,55305.2,0.911,10.920622215639371
Japan,2007,80.5,16.7,11.7,56244.3,0.913,10.937459981598764
Japan,2008,80.8,16.9,11.9,57223.2,0.918,10.954714689542307
Japan,2009,80.7,16.9,11.9,62275.0,0.92,11.039315340130381
Japan,2010,80.9,17.0,12.0,59190.9,0.924,10.988523092840332
Japan,2011,81.1,17.2,12.1,60211.3,0.928,11.005615321323234
Japan,2012,81.2,17.3,12.2,61246.5,0.932,11.022661983917116
Japan,2013,81.1,17.3,12.2,62275.0,0.933,11.039315340130381
Japan,2014,81.1,17.4,12.3,63350.9,0.937,11.056444392436058
Japan,2015,81.4,17.5,12.4,64435.0,0.94,11.073412242722492
Japan,2016,81.5,17.3,12.5,65537.3,0.943,11.090374725188166
Japan,2017,81.9,17.8,12.6,66684.5,0.95,11.107727821090318
Japan,2018,81.1,17.9,12.7,67813.1,0.951,11.12451067060404
Japan,2019,81.8,17.9,12.7,68958.3,0.953,11.141257253061552
Japan,2020,82.1,18.0,12.9,70161.8,0.958,11.158559282361207
Japan,2021,82.3,18.0,13.0,71375.8,0.961,11.175714155301803
Japan,2022,82.3,18.0,13.0,72587.5,0.962,11.192548009680305
Krypton,2003,79.5,14.7,11.7,57006.5,0.888,10.9509205754029
Krypton,2004,79.8,14.9,11.8,57903.3,0.894,10.966529656755597
Krypton,2005,79.8,14.9,11.8,58773.5,0.894,10.981446352027731
Krypton,2006,79.8,14.9,11.8,59667.1,0.895,10.996536058698242
Krypton,2007,79.9,14.9,11.9,60580.1,0.897,11.01172173528967
Krypton,2008,80.1,15.0,11.9,61522.7,0.901,11.027161491382918
Krypton,2009,80.1,15.0,11.9,62448.8,0.901,11.042102299996808
Krypton,2010,80.3,15.1,12.0,63415.2,0.904,11.057458859324516
Krypton,2011,80.7,15.3,12.1,64417.9,0.91,11.073146823781972
Krypton,2012,80.8,15.3,12.1,65404.9,0.912,11.088352458186062
Krypton,2013,80.7,15.3,12.1,66394.8,0.913,11.103374019144871
Krypton,2014,80.8,15.3,12.2,67411.3,0.915,11.118567938634088
Krypton,2015,81.0,15.4,12.2,68452.0,0.918,11.133888048697342
Krypton,2016,81.4,15.6,12.3,69526.3,0.923,11.149460377237315
Krypton,2017,81.3,15.5,12.3,70574.4,0.923,11.164422751491502
Krypton,2018,81.5,15.6,12.4,71663.4,0.926,11.179735436007478
Krypton,2019,81.5,15.6,12.4,72752.9,0.927,11.194824046782204
Krypton,2020,81.6,15.7,12.5,73873.1,0.93,11.210104035257523
Krypton,2021,81.8,15.8,12.5,75000.0,0.933,11.225243392518447
Krypton,2022,81.9,15.8,12.5,75000.0,0.934,11.225243392518447
Luxembourg,2003,80.5,15.2,12.3,47125.2,0.896,10.760563168773135
Luxembourg,2004,80.7,15.2,12.3,48465.7,0.899,10.788611610235176
Luxembourg,2005,81.0,15.3,12.4,49858.1,0.904,10.816936249652713
Luxembourg,2006,81.3,15.4,12.5,51283.3,0.909,10.845120442098116
Luxembourg,2007,81.5,15.5,12.6,52751.2,0.913,10.873341799894728
Luxembourg,2008,82.0,15.7,12.7,54276.6,0.919,10.901848473814514
Luxembourg,2009,82.2,15.7,12.7,55826.0,0.923,10.929994989669282
Luxembourg,2010,82.4,15.8,12.8,57414.2,0.926,10.958046938472181
Luxembourg,2011,82.8,15.9,12.9,59074.7,0.933,10.986558023751906
Luxembourg,2013,83.4,16.1,13.0,62505.6,0.942,11.043011431710653
Luxembourg,2014,83.7,16.2,13.1,64293.8,0.946,11.071218482559605
Luxembourg,2015,83.8,16.2,13.1,66120.4,0.949,11.099232601523438
Luxembourg,2016,84.1,16.3,13.2,68017.0,0.954,11.12751295291345
Luxembourg,2017,84.6,16.4,13.3,69978.3,0.96,11.155940472971563
Luxembourg,2018,84.8,16.5,13.4,71980.9,0.964,11.184156085028041
Luxembourg,2019,85.0,16.6,13.4,74036.0,0.968,11.212306740376608
Luxembourg,2020,85.0,16.7,13.5,75000.0,0.97,11.225243392518447
Luxembourg,2021,85.0,16.8,13.6,75000.0,0.973,11.225243392518447
Luxembourg,2022,85.0,16.8,13.6,75000.0,0.973,11.225243392518447
Netherlands,2003,79.0,16.8,12.7,46156.9,0.908,10.739801741214496
Netherlands,2004,79.4,16.9,12.8,47724.9,0.914,10.77320855325388
Netherlands,2005,79.5,16.9,12.8,49321.8,0.916,10.80612145296267
Netherlands,2006,79.9,17.0,12.9,51002.4,0.922,10.83962796942276
Netherlands,2007,80.0,17.0,12.9,52712.6,0.924,10.87260979513625
Netherlands,2008,80.4,17.1,13.0,54503.8,0.93,10.906025702991318
Netherlands,2009,80.5,17.1,13.0,56333.0,0.932,10.939035788059831
Netherlands,2010,80.7,17.2,13.0,58232.1,0.936,10.972192028065475
Netherlands,2011,81.2,17.4,13.2,60224.2,0.943,11.005829543874713
Netherlands,2012,81.4,17.4,13.2,62249.0,0.946,11.038897749940894
Netherlands,2013,81.4,17.3,13.2,64322.3,0.946,11.071661661919988
Netherlands,2014,81.8,17.3,13.2,66508.6,0.952,11.105086541590678
Netherlands,2015,82.2,17.6,13.3,68771.4,0.958,11.138543239820786
Netherlands,2016,82.2,17.5,13.3,71069.5,0.959,11.171413550478901
Netherlands,2017,82.6,17.7,13.4,73489.7,0.966,11.204900539326532
Netherlands,2018,82.9,17.7,13.5,75000.0,0.969,11.225243392518447
Netherlands,2019,83.0,17.7,13.5,75000.0,0.97,11.225243392518447
Netherlands,2020,83.3,17.3,13.5,75000.0,0.973,11.225243392518447
Netherlands,2021,83.4,17.8,13.5,75000.0,0.973,11.225243392518447
Netherlands,2022,84.0,17.3,13.7,75000.0,0.98,11.225243392518447
Norway,2003,82.4,15.1,11.2,36721.2,0.879,10.511109523939018
Norway,2004,82.5,15.1,11.3,37963.5,0.882,10.54438045079172
Norway,2005,82.7,15.1,11.3,39256.2,0.886,10.577864672519345
Norway,2006,83.0,15.2,11.4,40599.6,0.891,10.611513493324543
Norway,2007,83.1,15.2,11.4,41964.6,0.892,10.64458168471885
Norway,2008,83.3,15.3,11.4,43393.9,0.896,10.678074157214606
Norway,2009,83.6,15.4,11.5,44878.3,0.901,10.71170966069128
Norway,2010,83.9,15.5,11.6,46411.2,0.906,10.745296088397392
Norway,2011,84.1,15.5,11.7,47996.2,0.91,10.778877120089515
Norway,2012,84.5,15.7,11.7,49641.4,0.916,10.812580441982892
Norway,2013,84.6,15.7,11.7,51324.4,0.919,10.845921551609354
Norway,2014,84.8,15.7,11.8,53060.9,0.921,10.879195589477769
Norway,2015,85.0,15.8,11.8,54868.5,0.925,10.912694692336538
Norway,2016,85.0,15.8,11.8,56726.2,0.927,10.945991464117983
Norway,2017,85.0,15.9,11.9,58667.3,0.931,10.979637780748455
Norway,2018,85.0,15.9,11.9,60661.5,0.934,11.013064508928927
Norway,2019,85.0,16.0,12.0,62732.5,0.937,11.046634933636376
Norway,2020,85.0,16.0,12.0,64856.1,0.939,11.079926248543744
Norway,2021,85.0,16.2,12.1,67077.4,0.943,11.113602455496046
Norway,2022,85.0,16.3,12.2,69370.6,0.947,11.147218425613962
Oman,2003,82.8,15.1,11.6,60664.5,0.91,11.013113962467338
Oman,2004,83.2,15.2,11.6,61922.7,0.915,11.033642111964117
Oman,2005,83.4,15.3,11.7,63192.3,0.917,11.05393773726937
Oman,2006,83.7,15.3,11.7,64489.2,0.92,11.074253046903445
Oman,2007,84.2,15.4,11.8,65839.2,0.927,11.094970684608844
Oman,2008,84.3,15.4,11.8,67175.7,0.928,11.115066853972756
Oman,2009,84.5,15.4,11.8,68550.3,0.93,11.1353230613485
Oman,2010,85.0,15.6,11.9,69984.8,0.936,11.15603335459543
Oman,2011,85.0,15.6,11.9,71418.8,0.938,11.176316418991043
Oman,2012,85.0,15.7,12.0,72895.2,0.94,11.196778072207564
Oman,2013,85.0,15.6,12.0,72157.0,0.941,11.186599579592892
Oman,2014,85.0,15.7,12.0,75000.0,0.943,11.225243392518447
Oman,2015,85.0,15.7,12.0,75000.0,0.942,11.225243392518447
Oman,2016,85.0,15.8,12.1,75000.0,0.945,11.225243392518447
Oman,2017,85.0,15.8,12.1,75000.0,0.945,11.225243392518447
Oman,2018,85.0,15.8,12.2,75000.0,0.945,11.225243392518447
Oman,2019,85.0,16.0,12.3,75000.0,0.948,11.225243392518447
Oman,2020,85.0,15.6,12.2,72157.0,0.947,11.186599579592892
Oman,2021,85.0,16.0,12.3,75000.0,0.948,11.225243392518447
Oman,2022,85.0,16.1,12.4,75000.0,0.951,11.225243392518447
Portugal,2003,81.8,16.0,11.3,62047.4,0.911,11.035653888062669
Portugal,2004,82.4,16.3,12.25,64286.0,0.921,11.071097157125758
Portugal,2005,82.6,16.4,11.6,66565.1,0.926,11.105935695155884
Portugal,2006,82.7,16.4,11.6,68915.4,0.929,11.14063494436331
Portugal,2007,82.9,17.3,11.7,71354.0,0.933,11.17540868300142
Portugal,2008,83.5,16.7,11.8,75000.0,0.943,11.225243392518447
Portugal,2009,83.6,16.8,11.9,75000.0,0.945,11.225243392518447
Portugal,2010,84.0,17.0,12.0,75000.0,0.951,11.225243392518447
Portugal,2011,84.0,17.0,12.1,75000.0,0.951,11.225243392518447
Portugal,2012,84.4,17.1,12.2,75000.0,0.956,11.225243392518447
Portugal,2013,84.8,17.3,12.3,75000.0,0.961,11.225243392518447
Portugal,2014,85.0,17.4,12.25,75000.0,0.964,11.225243392518447
Portugal,2015,85.0,17.5,12.5,75000.0,0.966,11.225243392518447
Portugal,2016,85.0,17.7,12.6,75000.0,0.97,11.225243392518447
Portugal,2017,85.0,17.7,12.7,75000.0,0.971,11.225243392518447
Portugal,2018,85.0,17.9,12.8,75000.0,0.974,11.225243392518447
Portugal,2019,85.0,18.0,12.9,75000.0,0.976,11.225243392518447
Portugal,2020,85.0,18.0,13.0,75000.0,0.977,11.225243392518447
Portugal,2021,85.0,18.0,13.1,75000.0,0.979,11.225243392518447
Portugal,2022,85.0,18.0,13.2,75000.0,0.979,11.225243392518447
Qatar,2003,80.7,15.1,11.2,54163.6,0.89,10.899764375096492
Qatar,2004,81.1,15.2,11.3,55690.4,0.896,10.927563059175984
Qatar,2005,81.3,15.3,11.4,57248.6,0.9,10.955158466969007
Qatar,2006,81.5,15.4,11.5,58843.1,0.904,10.982629858575685
Qatar,2007,81.6,15.4,11.5,60479.2,0.907,11.010054783252702
Qatar,2008,82.0,15.6,11.6,62180.9,0.912,11.037803157615427
Qatar,2009,82.4,15.8,11.8,63940.1,0.919,11.065701986578828
Qatar,2010,82.6,15.8,11.8,65724.4,0.923,11.093225520610046
Qatar,2011,82.7,15.9,11.9,67551.8,0.926,11.120649989961523
Qatar,2012,83.0,16.0,12.0,69444.8,0.931,11.148287471369212
Qatar,2013,83.1,16.0,12.0,71376.0,0.934,11.175716957368046
Qatar,2014,83.7,16.3,12.2,73407.3,0.942,11.203778664698154
Qatar,2015,83.9,16.3,12.2,69444.8,0.946,11.148287471369212
Qatar,2016,84.0,16.4,12.3,75000.0,0.948,11.225243392518447
Qatar,2017,84.3,16.5,12.4,75000.0,0.952,11.225243392518447
Qatar,2018,84.3,16.5,12.4,75000.0,0.952,11.225243392518447
Qatar,2019,84.7,16.7,12.5,75000.0,0.957,11.225243392518447
Qatar,2020,85.0,16.9,12.6,75000.0,0.962,11.225243392518447
Qatar,2021,85.0,17.0,12.7,75000.0,0.964,11.225243392518447
Qatar,2022,85.0,17.0,12.8,75000.0,0.965,11.225243392518447
Sweden,2003,82.5,14.3,12.8,48219.2,0.905,10.78351256097124
Sweden,2004,82.9,15.9,13.0,49274.0,0.912,10.80515183754812
Sweden,2005,83.0,14.7,13.1,50319.1,0.915,10.826140005681783
Sweden,2006,83.3,14.9,13.2,51418.8,0.923,10.847759143324692
Sweden,2007,83.5,15.1,13.3,52518.8,0.927,10.868926479717013
Sweden,2008,83.6,15.1,13.4,53632.5,0.93,10.889910506590661
Sweden,2009,83.8,15.3,13.6,54787.7,0.936,10.911220995188117
Sweden,2010,83.9,15.4,13.7,55957.9,0.94,10.93235490127041
Sweden,2011,84.5,15.6,13.8,57168.8,0.946,10.953763574007988
Sweden,2012,84.5,15.8,13.9,58405.6,0.952,10.975167054630086
Sweden,2013,84.5,15.9,14.0,59639.1,0.955,10.996066678221553
Sweden,2014,84.9,16.1,14.2,60933.8,0.961,11.017543307948076
Sweden,2015,84.9,16.2,14.3,62230.8,0.965,11.038605333016546
Sweden,2016,85.0,16.3,14.4,63563.5,0.969,11.059794685213866
Sweden,2017,85.0,16.5,14.5,58405.6,0.973,10.975167054630086
Sweden,2018,85.0,16.6,14.6,66318.3,0.976,11.102221156187515
Sweden,2019,85.0,16.8,14.7,67746.3,0.98,11.123525124704502
Sweden,2020,85.0,16.9,14.8,69193.6,0.984,11.144663651779576
Sweden,2021,85.0,17.2,15.0,70710.1,0.99,11.166343698824411
Sweden,2022,85.0,17.3,15.0,72207.5,0.991,11.187299197602304
Switzerland,2003,77.3,16.4,12.3,34706.6,0.877,10.454685149578001
Switzerland,2004,77.5,16.4,12.3,35970.1,0.88,10.490443316780329
Switzerland,2005,77.7,16.5,12.3,37294.3,0.884,10.526595778941099
Switzerland,2006,78.1,16.6,12.4,38681.6,0.89,10.563119313758257
Switzerland,2007,78.3,16.6,12.4,40095.2,0.892,10.599011905381824
Switzerland,2008,78.5,16.6,12.4,41565.6,0.896,10.635028181082943
Switzerland,2009,79.2,16.9,12.6,43133.4,0.905,10.672052917974687
Switzerland,2010,79.2,16.8,12.6,44694.6,0.906,10.707607967934976
Switzerland,2011,79.4,16.8,12.6,46338.1,0.909,10.743719795851014
Switzerland,2012,79.6,16.8,12.6,48029.8,0.912,10.779576930586074
Switzerland,2013,80.2,17.0,12.7,49830.4,0.92,10.816380518536027
Switzerland,2014,80.3,17.0,12.7,51647.4,0.922,10.85219513446177
Switzerland,2015,80.6,17.1,12.8,53560.6,0.927,10.888569002132206
Switzerland,2016,81.0,17.2,12.9,55543.2,0.933,10.924916375333561
Switzerland,2017,81.1,17.1,12.9,57569.6,0.935,10.96074992958249
Switzerland,2018,81.5,17.2,12.9,59701.3,0.94,10.997109074687998
Switzerland,2019,81.9,17.4,13.0,61915.1,0.946,11.033519370765394
Switzerland,2020,81.8,17.2,13.0,64155.6,0.946,11.069066661635164
Switzerland,2021,82.3,17.4,13.0,66536.4,0.952,11.105504445313548
Switzerland,2022,82.5,17.4,13.1,68987.0,0.956,11.141673360031692
United Kingdom,2003,79.4,14.1,11.7,38994.7,0.864,10.571181018440992
United Kingdom,2004,79.5,14.2,11.8,39890.4,0.867,10.59389097242501
United Kingdom,2005,79.5,14.3,11.9,40806.3,0.871,10.61659176023669
United Kingdom,2006,79.8,14.6,12.0,41767.3,0.877,10.639869015708426
United Kingdom,2007,79.8,14.6,12.1,42721.4,0.88,10.662455244632682
United Kingdom,2008,79.8,14.7,12.2,43702.6,0.883,10.685162875881337
United Kingdom,2009,80.2,15.0,12.3,44740.0,0.89,10.70862323504412
United Kingdom,2010,80.2,15.1,12.4,45767.2,0.894,10.731322956333964
United Kingdom,2011,80.2,15.1,12.5,46812.6,0.896,10.75390767643887
United Kingdom,2012,80.4,15.3,12.6,47906.7,0.902,10.777010648356487
United Kingdom,2013,80.4,15.4,12.7,49010.8,0.905,10.799795960969718
United Kingdom,2014,80.5,15.5,12.8,50142.3,0.909,10.82262024221985
United Kingdom,2015,80.8,15.8,13.0,51328.4,0.916,10.845999484213277
United Kingdom,2016,81.1,16.0,13.1,52528.2,0.922,10.869105447227271
United Kingdom,2017,80.9,15.9,13.2,53712.7,0.922,10.89140475160436
United Kingdom,2018,81.2,16.2,13.3,54978.1,0.929,10.914690203100996
United Kingdom,2019,81.2,16.3,13.4,47906.7,0.932,10.777010648356487
United Kingdom,2020,81.3,16.4,13.5,57546.5,0.936,10.960348595619472
United Kingdom,2021,81.4,16.5,13.6,58879.9,0.941,10.98325505503175
United Kingdom,2022,81.5,16.7,13.7,60242.6,0.945,11.00613502223295
United States,2003,78.1,16.7,11.2,49312.8,0.888,10.805938961219915
United States,2004,78.3,16.7,11.2,50553.6,0.891,10.830789438530045
United States,2005,78.7,16.8,11.3,51833.8,0.896,10.855797725108221
United States,2006,79.0,16.9,11.3,53143.4,0.899,10.88074919920156
United States,2007,79.2,16.9,11.3,54475.8,0.902,10.9055118453406
United States,2008,79.5,17.0,11.4,55853.9,0.906,10.930494631960874
United States,2009,79.9,17.1,11.5,57275.5,0.911,10.955628237095901
United States,2010,80.1,17.1,11.5,58719.0,0.915,10.980518633170634
United States,2011,80.6,17.3,11.6,60220.5,0.921,11.005768104890661
United States,2012,80.9,17.3,11.6,61736.9,0.924,11.030637086235144
United States,2013,81.1,17.3,11.7,63289.1,0.927,11.055468397412278
United States,2014,81.2,17.3,11.7,64870.6,0.929,11.080149795432094
United States,2015,81.5,17.4,11.7,66511.4,0.933,11.105128640523176
United States,2016,81.8,17.4,11.8,68187.2,0.937,11.130012142932385
United States,2017,82.2,17.6,11.9,69922.7,0.942,11.155145625144495
United States,2018,82.2,17.5,11.8,71658.7,0.942,11.179669849471951
United States,2019,82.7,17.6,11.9,73492.3,0.949,11.204935917808255
United States,2020,83.0,17.7,12.0,75000.0,0.953,11.225243392518447
United States,2021,83.2,17.7,12.0,75000.0,0.954,11.225243392518447
United States,2022,83.8,17.9,12.1,75000.0,0.96,11.225243392518447
Singapore,2003,80.6,14.5,12.0,49585.5,0.889,10.81145373126405
Singapore,2004,80.6,14.5,12.0,50377.5,0.889,10.827299925809129
Singapore,2005,80.9,14.6,12.1,51212.7,0.894,10.843742827144059
Singapore,2006,80.9,14.6,12.1,52027.4,0.894,10.85952578186527
Singapore,2007,81.2,14.7,12.2,52892.0,0.899,10.876007377676714
Singapore,2008,81.5,14.9,12.3,53763.0,0.903,10.892340777211498
Singapore,2009,81.2,14.7,12.2,54599.7,0.901,10.907783667212406
Singapore,2010,81.6,14.9,12.3,55506.6,0.906,10.92425721158315
Singapore,2011,81.9,15.0,12.4,56425.0,0.911,10.940667601685737
Singapore,2012,82.0,15.0,12.5,57336.6,0.913,10.956694442248553
Singapore,2013,82.2,15.1,12.5,58276.7,0.916,10.972957635507635
Singapore,2014,82.3,15.1,12.5,59216.5,0.918,10.988955498254164
Singapore,2015,82.5,15.0,12.6,60188.5,0.922,11.005236583148045
Singapore,2016,82.6,15.3,12.6,61166.9,0.924,11.021361472515272
Singapore,2017,82.9,15.4,12.7,62176.9,0.929,11.037738827111005
Singapore,2018,83.0,15.4,12.7,63180.7,0.93,11.053754153750223
Singapore,2019,83.2,15.5,12.8,64211.1,0.933,11.069931371929316
Singapore,2020,83.3,15.5,12.8,65249.9,0.935,11.085979792616715
Singapore,2021,83.5,15.6,12.9,66312.5,0.938,11.102133695356338
Singapore,2022,83.6,15.6,12.9,67393.7,0.941,11.118306820721548
Australia,2003,78.0,16.4,12.3,49258.7,0.898,10.804841280745698
Australia,2004,78.4,16.6,12.4,50455.0,0.904,10.828837128898629
Australia,2005,78.5,16.6,12.5,51644.4,0.906,10.85213704659805
Australia,2006,78.6,16.6,12.5,52866.9,0.908,10.875532713124203
Australia,2007,79.2,16.9,12.6,54167.5,0.917,10.899836376580863
Australia,2008,79.3,16.8,12.7,55446.8,0.918,10.923179281464915
Australia,2009,79.5,16.9,12.7,56768.7,0.922,10.94674039648387
Australia,2010,79.9,17.1,12.8,58145.8,0.928,10.970708928339175
Australia,2011,80.2,17.1,12.9,59537.1,0.932,10.994354926631791
Australia,2012,80.5,17.3,13.0,60974.9,0.938,11.018217583066376
Australia,2013,80.8,17.4,13.1,62437.0,0.942,11.041913327350837
Australia,2014,81.0,17.4,13.1,63925.5,0.945,11.065473621794814
Australia,2015,81.2,17.5,13.2,65448.0,0.948,11.089011213193535
Australia,2016,81.6,17.6,13.3,67028.8,0.954,11.112877656760006
Australia,2017,81.9,17.7,13.3,68634.2,0.958,11.136546231757118
Australia,2018,82.2,17.8,13.4,70283.5,0.963,11.160292341857827
Australia,2019,82.3,17.8,13.5,71953.6,0.965,11.18377674581017
Australia,2020,82.6,17.9,13.5,73683.4,0.97,11.207532815358546
Australia,2021,83.0,18.0,13.6,75000.0,0.974,11.225243392518447
Australia,2022,83.3,18.0,13.7,75000.0,0.977,11.225243392518447
New Zealand,2003,80.2,16.7,12.6,37006.0,0.901,10.518835340641662
New Zealand,2004,80.3,16.8,12.7,37844.0,0.904,10.541227725824335
New Zealand,2005,80.5,17.0,12.8,38716.2,0.909,10.564013396078552
New Zealand,2006,80.7,17.1,12.9,39597.1,0.913,10.586511162237722
New Zealand,2007,80.9,17.2,13.0,40506.6,0.919,10.609220202780572
New Zealand,2008,80.9,17.3,13.1,41414.2,0.921,10.631379096173092
New Zealand,2009,81.1,17.4,13.2,42360.6,0.925,10.65397396392098
New Zealand,2010,81.2,17.5,13.2,43319.1,0.929,10.676348925275843
New Zealand,2011,81.4,17.7,13.4,44312.1,0.933,10.699013056435435
New Zealand,2012,81.6,17.8,13.5,45330.4,0.939,10.721733168074211
New Zealand,2013,81.8,18.0,13.6,46367.3,0.943,10.744349748388096
New Zealand,2014,81.8,18.0,13.6,47407.2,0.945,10.7665293948819
New Zealand,2015,82.1,18.0,13.5,48505.9,0.95,10.789440719011413
New Zealand,2016,82.3,18.0,13.9,49616.2,0.953,10.812072672289862
New Zealand,2017,82.3,18.0,14.0,50737.3,0.955,10.834416619281784
New Zealand,2018,82.6,18.0,14.1,51908.3,0.959,10.85723397929638
New Zealand,2019,82.5,18.0,14.2,53064.6,0.96,10.879265318242327
New Zealand,2020,82.6,18.0,14.2,54269.5,0.963,10.901717653821716
New Zealand,2021,82.7,18.0,14.3,55501.4,0.966,10.924163524641601
New Zealand,2022,83.2,18.0,14.5,56799.6,0.971,10.947284562430925
Ireland,2003,80.0,16.9,11.4,51363.4,0.904,10.846681135549709
Ireland,2005,80.2,17.0,11.4,54226.1,0.909,10.900917621335331
Ireland,2006,80.5,17.0,11.4,55727.5,0.912,10.928229020415088
Ireland,2007,80.7,17.1,11.5,57266.2,0.915,10.955465850820502
Ireland,2008,80.8,17.0,11.5,58835.5,0.917,10.982500693204742
Ireland,2009,81.0,17.1,11.5,60460.4,0.92,11.00974388425599
Ireland,2010,81.5,17.3,11.6,62164.6,0.928,11.037540984877475
Ireland,2011,81.6,17.3,11.6,63865.7,0.929,11.064537720036867
Ireland,2012,81.8,17.3,11.7,65630.6,0.932,11.091797329586576
Ireland,2013,82.0,17.4,11.7,67443.1,0.936,11.119039558404587
Ireland,2014,82.3,17.5,11.8,69316.5,0.94,11.146438252075917
Ireland,2015,82.7,17.6,11.9,71250.3,0.946,11.173954308648348
Ireland,2016,82.7,17.5,11.9,73199.3,0.947,11.200941137062149
Ireland,2017,82.8,17.5,11.9,75000.0,0.949,11.225243392518447
Ireland,2018,83.1,17.6,11.9,75000.0,0.951,11.225243392518447
Ireland,2019,83.4,17.7,12.0,75000.0,0.955,11.225243392518447
Ireland,2020,83.5,17.7,12.0,75000.0,0.955,11.225243392518447
Ireland,2021,83.9,17.8,12.1,66536.85,0.959,11.105511208506
Ireland,2022,83.8,17.7,12.0,75000.0,0.957,11.225243392518447
Austria,2003,82.5,15.0,11.7,56335.1,0.905,10.939073065692103
Austria,2004,82.6,15.1,11.8,57816.8,0.909,10.965034669867226
Austria,2005,82.5,15.1,11.8,59313.5,0.91,10.990592215062634
Austria,2006,82.9,15.3,11.9,60900.9,0.917,11.017003231913913
Austria,2007,84.1,15.4,12.0,62501.2,0.921,11.042941035540176
Austria,2008,83.3,15.6,12.1,64154.7,0.926,11.069052633143297
Austria,2009,83.6,15.7,12.2,65853.6,0.931,11.095189375380965
Austria,2010,83.6,15.8,12.3,67578.2,0.934,11.121040724814419
Austria,2011,83.7,15.8,12.3,69341.6,0.936,11.146800293677153
Austria,2012,83.7,15.8,12.4,71157.4,0.939,11.172649603731713
Austria,2013,84.2,16.1,12.5,73066.3,0.948,11.199122527127122
Austria,2014,84.1,16.1,12.5,74962.5,0.948,11.224743267476764
Austria,2015,84.3,16.2,12.6,75000.0,0.951,11.225243392518447
Austria,2016,84.4,16.3,12.7,69341.6,0.953,11.146800293677153
Austria,2017,84.6,16.4,12.8,69341.6,0.956,11.146800293677153
Austria,2018,84.7,16.5,12.4,75000.0,0.959,11.225243392518447
Austria,2019,84.8,16.5,12.9,75000.0,0.961,11.225243392518447
Austria,2020,84.9,16.6,13.0,69341.6,0.963,11.146800293677153
Austria,2021,85.0,16.8,13.1,75000.0,0.966,11.225243392518447
Austria,2022,85.0,16.8,13.1,75000.0,0.967,11.225243392518447
Argentina,2003,74.3,12.1,10.4,19787.6,0.77,9.892810757872013
Argentina,2004,74.6,12.3,10.5,20357.9,0.775,9.921224321926344
Argentina,2005,74.8,12.4,10.6,20931.0,0.78,9.948986592607346
Argentina,2006,74.9,13.1,10.6,21513.8,0.783,9.976449868676545
Argentina,2007,75.1,12.5,10.7,22119.7,0.787,10.00422389315732
Argentina,2008,75.4,12.6,10.8,22748.3,0.792,10.032245696312298
Argentina,2009,75.6,12.7,10.9,23390.6,0.797,10.060089511237248
Argentina,2010,75.6,12.7,10.9,24026.3,0.798,10.086904342676352
Argentina,2011,75.9,12.9,11.0,24711.7,0.803,10.115032094673644
Argentina,2012,76.1,13.0,11.1,25409.4,0.808,10.142874463284539
Argentina,2013,76.3,13.1,11.2,26129.2,0.812,10.170808741895955
Argentina,2014,76.4,13.1,11.2,26851.0,0.815,10.198058343191331
Argentina,2015,76.6,13.2,11.3,27612.8,0.82,10.226034712313988
Argentina,2016,76.8,13.3,11.4,28390.2,0.824,10.253799294176265
Argentina,2017,77.0,13.4,11.4,29180.9,0.827,10.28126966464432
Argentina,2018,77.1,13.5,11.5,30001.1,0.831,10.308989326638754
Argentina,2019,77.4,13.6,11.6,30852.9,0.836,10.336986028156996
Argentina,2020,77.6,13.7,11.7,31717.9,0.84,10.364636469269668
Argentina,2021,77.8,13.8,11.7,32615.8,0.845,10.392552112520514
Argentina,2022,77.9,13.8,11.8,33516.9,0.847,10.419805068219048
Bulgaria,2003,72.3,12.2,9.1,23823.2,0.753,10.07841517477637
Bulgaria,2004,72.8,12.4,9.2,24707.5,0.76,10.114862120250338
Bulgaria,2005,73.0,12.5,9.3,25606.3,0.765,10.150593693941554
Bulgaria,2006,73.2,12.5,9.3,26528.9,0.768,10.185989983776905
Bulgaria,2007,73.5,12.6,9.4,27500.8,0.774,10.221970374140621
Bulgaria,2008,73.6,12.6,9.4,28485.7,0.777,10.257157485949923
Bulgaria,2009,74.1,12.8,9.6,29544.6,0.785,10.293656265018301
Bulgaria,2010,74.3,12.9,9.6,30608.4,0.788,10.329029760073471
Bulgaria,2011,74.5,12.9,9.7,31719.0,0.792,10.364671149400635
Bulgaria,2013,75.0,13.1,9.8,34068.2,0.802,10.436119676855457
Bulgaria,2014,75.2,13.2,9.9,35301.3,0.806,10.471675069438751
Bulgaria,2015,75.5,13.2,9.9,36585.0,0.81,10.50739359931813
Bulgaria,2016,75.9,13.4,10.1,37938.6,0.818,10.543724342439166
Bulgaria,2017,76.0,13.4,10.1,39300.2,0.82,10.578984886902928
Bulgaria,2018,76.6,13.7,10.2,40761.2,0.829,10.615485927531362
Bulgaria,2019,76.5,13.6,10.2,32893.6,0.829,10.401033388954888
Bulgaria,2020,77.1,13.9,10.4,43780.1,0.839,10.686934655222258
Bulgaria,2021,77.2,13.9,10.4,45357.9,0.841,10.722339641033631
Bulgaria,2022,77.5,13.9,10.5,47005.5,0.846,10.758019895122336
Chile,2003,75.8,12.5,10.7,20333.0,0.786,9.920000460910341
Chile,2004,75.9,12.5,10.8,21077.1,0.789,9.955942422034024
Chile,2005,76.0,12.5,10.8,21851.4,0.792,9.99202027169768
Chile,2006,76.3,12.6,10.9,22670.2,0.797,10.028806565694683
Chile,2007,76.5,12.7,10.9,23508.7,0.801,10.06512584438637
Chile,2008,76.9,12.8,11.0,24401.4,0.807,10.102395786684474
Chile,2009,77.0,12.8,11.1,25295.8,0.81,10.138393653029636
Chile,2010,78.1,13.0,11.2,26263.4,0.818,10.1759316139616
Chile,2011,77.9,13.2,11.3,27259.0,0.825,10.21313902079189
Chile,2012,78.0,13.2,11.4,28263.9,0.828,10.249340650963093
Chile,2013,78.1,13.3,11.4,29307.8,0.831,10.285608971181233
Chile,2014,78.5,13.4,11.5,30413.0,0.837,10.322625427564935
Chile,2015,78.9,13.5,11.6,31560.0,0.844,10.35964577495981
Chile,2016,79.1,13.6,11.7,32738.1,0.848,10.396294816253976
Chile,2017,79.1,13.6,11.7,33935.0,0.85,10.43220220913786
Chile,2018,79.5,13.8,11.8,35218.5,0.857,10.469326791705422
Chile,2019,79.7,13.8,11.9,36527.5,0.861,10.50582068054624
Chile,2020,80.1,14.0,11.9,37902.0,0.867,10.542759160126755
Chile,2021,80.3,14.0,12.0,39313.6,0.871,10.579325793973435
Chile,2022,80.3,14.0,12.0,28263.9,0.873,10.249340650963093
Croatia,2003,71.2,12.4,10.3,14232.7,0.74,9.563297413071489
Croatia,2004,71.3,12.4,10.4,14656.8,0.744,9.592659670577035
Croatia,2005,71.5,12.5,10.5,15101.9,0.748,9.622575842701929
Croatia,2006,71.8,12.7,10.6,15576.7,0.755,9.653531486976993
Croatia,2007,71.8,12.7,10.6,16024.9,0.756,9.68189904151979
Croatia,2008,72.3,13.0,10.8,16543.0,0.765,9.713718330607016
Croatia,2009,72.2,13.0,10.8,17018.4,0.766,9.742050390657896
Croatia,2010,72.3,13.0,10.8,17527.1,0.769,9.77150353353987
Croatia,2011,72.7,13.1,10.9,18043.8,0.772,9.80055741445001
Croatia,2012,72.7,13.3,11.0,18602.4,0.778,9.831045883635412
Croatia,2013,72.7,13.3,11.0,19148.9,0.78,9.860000551705717
Croatia,2014,72.9,13.4,11.1,19732.0,0.785,9.88999696235363
Croatia,2015,73.3,13.6,11.3,20349.9,0.792,9.920831276853754
Croatia,2016,73.2,13.6,11.3,20934.7,0.792,9.949163348281305
Croatia,2017,73.5,13.7,11.4,21576.9,0.798,9.979378576964063
Croatia,2018,73.4,13.7,11.4,22207.0,0.799,10.008162833474259
Croatia,2019,73.7,13.3,11.5,22881.8,0.804,10.038097113727979
Croatia,2020,74.0,14.0,11.6,23588.2,0.81,10.068501865972019
Croatia,2021,73.9,14.0,11.6,24273.2,0.811,10.097128140049799
Croatia,2022,74.3,14.2,11.7,25027.9,0.818,10.12774648158526
Greece,2003,72.3,14.0,10.5,23407.3,0.788,10.060803218506543
Greece,2004,72.7,14.1,10.6,23928.8,0.793,10.082838033385128
Greece,2005,73.0,14.3,10.7,24463.5,0.799,10.104937489765081
Greece,2006,73.1,14.3,10.7,24987.2,0.801,10.12611897273358
Greece,2007,73.4,14.9,10.8,29043.0,0.806,10.276532769388181
Greece,2008,73.6,14.5,10.9,26093.7,0.81,10.169449184863765
Greece,2009,73.9,14.6,10.9,26669.2,0.814,10.191264620475694
Greece,2010,74.1,14.7,11.0,27248.1,0.818,10.212739072889864
Greece,2011,74.2,14.7,11.0,27826.8,0.82,10.23375486407839
Greece,2012,74.5,14.9,11.1,28444.5,0.825,10.255710099248573
Greece,2013,74.5,14.8,11.1,29043.0,0.826,10.276532769388181
Greece,2014,74.9,15.0,11.3,29691.3,0.831,10.298609352585697
Greece,2015,75.2,15.1,11.1,30347.4,0.836,10.320466125602183
Greece,2016,75.3,15.2,11.4,31002.1,0.839,10.341810223108386
Greece,2017,75.6,15.3,11.5,31681.1,0.843,10.363475567547782
Greece,2018,75.7,15.3,11.5,32365.2,0.846,10.384839050475426
Greece,2019,76.1,15.5,11.6,33084.3,0.852,10.406814128598032
Greece,2020,76.2,15.5,11.7,33793.4,0.854,10.42802079613198
Greece,2021,76.4,15.6,11.7,34526.3,0.857,10.449476631442607
Greece,2022,76.7,15.7,11.8,35292.8,0.863,10.471434256111827
Hungary,2003,76.1,12.2,10.9,16462.7,0.765,9.708852494800823
Hungary,2004,76.0,12.2,10.1,16737.5,0.766,9.725406989999428
Hungary,2005,77.19999999999999,12.3,10.2,17046.3,0.77,9.743688450364193
Hungary,2006,76.3,12.4,10.3,17350.9,0.774,9.761399657228484
Hungary,2007,76.6,12.6,10.4,17682.4,0.78,9.780325073585232
Hungary,2008,76.6,12.7,10.5,17988.1,0.783,9.797465707136876
Hungary,2010,76.6,12.9,10.6,18625.2,0.788,9.832270781445139
Hungary,2011,76.9,13.1,10.8,18978.5,0.794,9.851062038482358
Hungary,2012,77.1,13.2,10.9,19326.5,0.799,9.86923249010702
Hungary,2013,77.1,13.3,10.9,19666.4,0.802,9.886666874805785
Hungary,2014,77.3,13.5,11.1,20030.5,0.807,9.90501139090447
Hungary,2015,77.3,13.5,11.1,20375.3,0.808,9.922078661927047
Hungary,2016,77.6,13.7,11.3,20761.8,0.815,9.940870038723459
Hungary,2017,77.8,13.9,11.4,21144.4,0.82,9.959130374001514
Hungary,2018,77.7,13.9,10.9,21498.3,0.82,9.975729141222134
Hungary,2019,77.8,14.0,11.5,21884.8,0.824,9.993547610903777
Hungary,2020,78.1,14.2,11.7,22298.1,0.83,10.012256752024609
Hungary,2021,78.2,14.3,11.8,22700.8,0.834,10.030155445139249
Hungary,2022,78.1,14.3,11.8,23088.4,0.835,10.0470856058809
Iran,2003,72.2,12.2,9.3,17289.2,0.741,9.757837308086915
Iran,2004,72.5,12.3,9.4,17684.4,0.745,9.780438174007218
Iran,2005,72.6,12.3,9.4,18082.3,0.748,9.802688838244737
Iran,2006,72.9,12.5,9.5,18505.2,0.753,9.82580705265161
Iran,2007,73.0,12.5,9.6,18911.2,0.755,9.847509618126672
Iran,2008,73.1,12.5,9.6,19328.4,0.757,9.869330795884634
Iran,2009,73.5,12.7,9.7,19793.1,0.764,9.893088671099186
Iran,2010,73.4,12.6,9.7,20206.3,0.763,9.913749715952587
Iran,2011,73.7,12.8,9.8,20677.6,0.768,9.936806267728953
Iran,2012,73.9,12.8,9.8,21145.2,0.771,9.959168208362685
Iran,2013,73.7,12.7,9.8,21586.7,0.77,9.979832663285332
Iran,2014,74.1,12.9,9.9,22087.2,0.775,10.002753534192756
Iran,2015,74.1,12.9,9.9,22576.2,0.777,10.024651533018627
Iran,2016,74.3,13.0,9.9,23081.4,0.78,10.046782377361234
Iran,2017,74.5,13.1,10.0,23610.3,0.784,10.069438336479138
Iran,2018,74.6,13.1,10.0,24127.4,0.786,10.09110340312448
Iran,2019,74.7,13.1,10.1,21145.2,0.789,9.959168208362685
Iran,2020,74.9,13.2,10.1,25225.7,0.792,10.13561859508455
Iran,2021,75.0,13.2,10.2,25788.9,0.795,10.157699445774988
Iran,2022,75.1,13.2,10.2,26358.8,0.796,10.17955746405973
Kazakhstan,2003,76.9,13.8,8.9,25253.0,0.787,10.136700239527121
Kazakhstan,2004,75.9,13.9,9.0,25775.6,0.791,10.157183586984738
Kazakhstan,2005,75.8,13.9,9.0,26282.4,0.792,10.176654792629659
Kazakhstan,2006,75.9,14.0,9.1,26826.5,0.796,10.1971454839225
Kazakhstan,2007,76.2,14.2,9.2,27386.3,0.801,10.217798167334479
Kazakhstan,2008,76.3,14.3,9.3,30935.4,0.805,10.339656438219299
Kazakhstan,2009,76.5,14.4,9.4,28530.4,0.809,10.25872546443874
Kazakhstan,2010,76.8,14.6,9.5,29131.8,0.814,10.27958564001148
Kazakhstan,2011,76.7,14.6,9.5,29710.0,0.815,10.299238968456653
Kazakhstan,2012,76.8,14.6,9.6,30316.2,0.818,10.319437502086567
Kazakhstan,2013,76.9,14.7,9.7,30935.4,0.821,10.339656438219299
Kazakhstan,2014,77.1,14.8,9.8,31579.7,0.826,10.360269788081167
Kazakhstan,2015,77.3,15.0,9.9,32237.8,0.831,10.380894956078832
Kazakhstan,2016,77.6,15.2,10.0,32920.5,0.837,10.401850843011022
Kazakhstan,2017,77.5,15.2,10.0,33575.5,0.838,10.421551913313316
Kazakhstan,2018,77.7,15.3,10.1,34275.1,0.842,10.442174422004669
Kazakhstan,2019,77.9,15.4,10.2,34979.1,0.846,10.462506019253604
Kazakhstan,2020,78.1,15.6,9.6,35712.1,0.851,10.483244845916273
Kazakhstan,2021,78.4,15.7,10.4,36461.3,0.857,10.504006703109903
Kazakhstan,2022,78.2,15.7,10.4,37181.7,0.856,10.523571983737408
Malaysia,2003,76.0,12.9,10.2,21495.3,0.788,9.975589585567112
Malaysia,2004,76.3,13.0,10.3,21955.9,0.792,9.996791175095735
Malaysia,2005,76.5,13.1,10.4,22431.6,0.797,10.018225958006287
Malaysia,2006,76.8,13.3,10.5,22920.8,0.803,10.039800074233506
Malaysia,2007,77.1,13.4,10.6,23415.3,0.807,10.061144933835372
Malaysia,2008,77.4,13.6,10.7,23926.3,0.813,10.082733551313112
Malaysia,2009,77.7,13.7,10.8,24446.3,0.818,10.104234154208239
Malaysia,2010,78.0,13.9,11.0,24981.2,0.824,10.125878820956505
Malaysia,2011,78.1,13.9,11.0,25500.5,0.826,10.146453338797423
Malaysia,2012,78.5,14.1,11.1,26064.7,0.832,10.16833718744865
Malaysia,2013,78.7,14.1,11.2,26621.1,0.836,10.18945941340941
Malaysia,2014,78.9,14.3,11.3,27193.5,0.84,10.210733253137832
Malaysia,2015,79.2,14.4,11.4,27784.6,0.845,10.232237189353421
Malaysia,2016,79.6,14.6,11.6,28398.8,0.852,10.254102169735466
Malaysia,2017,79.9,14.7,11.7,29013.5,0.857,10.275516517890454
Malaysia,2018,80.1,14.8,11.8,29642.2,0.862,10.296954300677148
Malaysia,2019,80.3,14.9,11.9,30278.3,0.866,10.318186563306899
Malaysia,2020,80.6,15.1,12.0,30937.0,0.871,10.339708157564283
Malaysia,2021,81.0,15.2,12.1,31615.7,0.877,10.361409111636178
Malaysia,2022,81.0,15.3,12.1,32277.7,0.879,10.382131868296426
Mexico,2003,76.9,13.6,9.2,22512.6,0.788,10.021830431451026
Mexico,2004,77.3,13.7,9.2,23167.4,0.793,10.050501397060033
Mexico,2005,77.4,13.7,9.2,23810.5,0.795,10.077881938840429
Mexico,2006,77.7,13.8,9.3,24492.8,0.799,10.106134475791329
Mexico,2007,78.0,13.9,9.4,25194.1,0.804,10.134365119103387
Mexico,2008,78.2,13.9,9.4,25907.7,0.807,10.162295500800841
Mexico,2009,78.4,13.9,9.4,26639.7,0.81,10.190157863329656
Mexico,2010,78.7,14.0,9.5,27405.4,0.815,10.218495353250363
Mexico,2011,79.0,14.1,9.6,28195.2,0.82,10.24690702967241
Mexico,2012,79.1,14.1,9.6,28977.5,0.821,10.2742749457629
Mexico,2013,79.5,14.2,9.6,29815.2,0.826,10.302773609567577
Mexico,2014,79.6,14.2,9.7,30656.6,0.829,10.33060325260411
Mexico,2015,80.1,14.4,9.8,31549.4,0.835,10.35930985035588
Mexico,2016,80.1,14.3,9.7,32421.0,0.835,10.386561639971275
Mexico,2017,80.4,14.4,9.8,33355.1,0.84,10.414965963190388
Mexico,2018,80.8,14.5,9.9,34315.2,0.845,10.443343683680697
Mexico,2019,81.1,14.6,10.0,35305.0,0.851,10.471779875950448
Mexico,2020,81.2,14.6,10.0,36294.4,0.852,10.499418738379655
Mexico,2021,81.4,14.6,10.0,28977.5,0.855,10.2742749457629
Mexico,2022,81.9,14.8,10.1,38412.1,0.863,10.556127793107594
Panama,2003,72.8,14.5,9.6,19782.0,0.777,9.892527712299787
Panama,2004,73.0,14.7,9.7,20161.3,0.782,9.911520204233277
Panama,2005,73.1,14.7,9.8,20530.7,0.784,9.929676605875937
Panama,2006,73.3,14.8,9.8,20913.4,0.788,9.948145380830484
Panama,2007,73.7,15.0,9.9,21323.2,0.794,9.967550960825463
Panama,2008,74.0,15.1,10.1,21737.8,0.799,9.986807959602382
Panama,2009,74.1,15.1,10.1,22134.0,0.801,10.00487016682473
Panama,2010,74.6,15.4,10.3,22585.7,0.809,10.025072241630982
Panama,2011,74.8,15.5,10.4,23008.9,0.813,10.04363637658466
Panama,2012,75.0,15.6,10.4,23437.0,0.816,10.062071249151874
Panama,2013,75.2,15.7,10.5,23879.4,0.82,10.080771441562744
Panama,2014,75.4,15.8,10.6,24335.8,0.824,10.099703796187855
Panama,2015,75.8,15.6,10.7,24807.9,0.83,10.118917429814404
Panama,2016,76.0,16.0,10.8,25278.5,0.834,10.137709511057338
Panama,2017,76.4,16.2,10.9,25772.9,0.84,10.157078831269152
Panama,2018,76.5,16.3,11.0,26251.8,0.843,10.175489837097428
Panama,2019,76.8,16.4,11.1,26761.5,0.848,10.194719566482867
Panama,2020,77.0,16.5,11.2,27267.0,0.852,10.21343245878688
Panama,2021,77.3,16.7,11.3,27790.5,0.857,10.232449514658176
Panama,2022,77.5,16.7,11.4,28316.0,0.861,10.25118229489408
Romania,2003,75.7,13.9,10.6,24417.3,0.808,10.103047176441358
Romania,2004,75.9,14.0,10.7,25170.9,0.812,10.133443844343498
Romania,2005,75.9,14.5,10.7,25934.3,0.814,10.163321695867943
Romania,2006,76.2,14.2,10.8,26744.7,0.819,10.194091601852524
Romania,2007,76.1,14.1,10.8,27543.0,0.819,10.22350369881181
Romania,2008,76.5,14.3,10.9,28412.3,0.826,10.254577428980722
Romania,2009,76.4,14.2,10.9,29264.3,0.826,10.284123622081655
Romania,2010,76.4,14.2,10.9,30147.5,0.828,10.313857279977748
Romania,2011,76.7,14.4,11.0,31087.7,0.833,10.344567521544926
Romania,2012,76.7,14.4,11.0,32032.6,0.835,10.37450941320825
Romania,2013,77.0,14.5,11.1,33030.0,0.84,10.405171518384835
Romania,2014,77.0,14.5,11.1,34027.4,0.841,10.43492136140241
Romania,2015,77.1,14.5,11.1,35072.8,0.845,10.465181180266516
Romania,2016,77.1,14.5,11.1,36133.7,0.846,10.494981226869562
Romania,2017,77.4,14.7,11.2,37256.3,0.851,10.525576337024038
Romania,2018,77.3,14.6,11.2,31560.15,0.851,10.359650527800227
Romania,2019,77.5,14.7,11.3,39564.5,0.856,10.585687530531366
Romania,2020,77.9,14.9,11.4,31560.15,0.862,10.359650527800227
Romania,2021,78.0,14.9,11.4,42052.1,0.865,10.646664604701074
Romania,2022,78.1,15.0,11.4,43337.4,0.868,10.676771282520182
Seychelles,2003,75.9,12.2,10.2,14598.0,0.755,9.588639812011577
Seychelles,2004,76.0,12.2,9.8,14880.5,0.756,9.60780690997308
Seychelles,2005,76.3,12.3,9.8,15199.3,0.76,9.629004653142333
Seychelles,2006,76.7,12.4,9.9,15531.7,0.765,9.650638375702364
Seychelles,2008,77.2,12.4,10.0,16174.3,0.771,9.691178841771125
Seychelles,2009,77.4,12.5,10.0,16511.7,0.774,9.711824499511588
Seychelles,2010,77.8,12.5,10.1,16861.2,0.778,9.732770403400295
Seychelles,2011,78.0,12.6,10.1,17215.2,0.781,9.753547993480334
Seychelles,2012,78.3,12.6,10.1,17572.1,0.784,9.774067695951318
Seychelles,2013,78.7,12.8,10.2,17951.4,0.789,9.795423385303987
Seychelles,2014,78.8,12.8,10.2,18316.7,0.791,9.815568490998217
Seychelles,2015,79.3,12.9,10.3,18723.1,0.798,9.837513334612298
Seychelles,2016,79.6,13.0,10.4,19113.3,0.801,9.858139706784472
Seychelles,2017,79.8,13.0,10.4,19504.4,0.803,9.878395360124372
Seychelles,2018,80.1,13.0,10.5,19915.6,0.807,9.899258623206093
Seychelles,2019,80.5,13.1,10.5,20342.1,0.812,9.920447909110928
Seychelles,2020,80.7,13.2,10.6,20759.5,0.814,9.940759252211363
Seychelles,2021,81.2,13.3,10.7,21222.8,0.821,9.96283135445284
Seychelles,2022,81.4,13.3,10.7,21654.7,0.823,9.982977799939281
Turkey,2003,76.4,13.9,10.5,18104.9,0.794,9.803937898848393
Turkey,2004,76.4,13.9,10.6,25179.0,0.798,10.133765592750937
Turkey,2005,76.7,14.2,10.8,19415.0,0.805,9.873801242165767
Turkey,2006,76.5,14.2,10.8,20073.3,0.807,9.907145852788355
Turkey,2007,76.9,14.4,11.0,20807.8,0.815,9.943083195394482
Turkey,2008,76.8,14.5,11.1,21527.8,0.818,9.977100402136905
Turkey,2009,76.9,14.6,11.2,22280.7,0.822,10.011476111860063
Turkey,2010,77.0,14.7,11.3,23070.7,0.827,10.046318693143542
Turkey,2011,77.1,14.9,11.4,23888.5,0.832,10.081152450571308
Turkey,2012,77.3,15.1,11.5,24741.0,0.838,10.116217065501464
Turkey,2013,77.3,15.2,11.6,25617.0,0.843,10.151011472575716
Turkey,2014,77.4,15.3,11.7,26511.9,0.847,10.185348967782344
Turkey,2015,77.6,15.5,11.8,27455.3,0.853,10.220314506624682
Turkey,2016,77.9,15.7,12.0,28448.1,0.86,10.255836653493054
Turkey,2017,78.0,15.8,12.1,29449.5,0.865,10.290432211006914
Turkey,2018,78.0,15.9,12.2,30477.6,0.868,10.324747266542934
Turkey,2019,78.1,16.0,12.3,31551.5,0.872,10.359376410420815
Turkey,2020,78.2,16.2,12.4,32668.3,0.877,10.394160467734642
Turkey,2021,78.4,16.3,12.5,33828.6,0.883,10.429061877530913
Turkey,2022,78.3,16.4,12.6,25179.0,0.886,10.133765592750937
Uruguay,2003,71.2,12.0,9.1,19920.7,0.737,9.899514671083423
Uruguay,2004,71.6,13.2,9.2,20662.2,0.744,9.936061222967616
Uruguay,2005,71.8,12.2,9.3,21414.4,0.749,9.971818871912395
Uruguay,2006,72.4,12.5,9.5,22236.7,0.759,10.009499356059962
Uruguay,2007,72.4,12.6,9.5,23031.1,0.762,10.044600755460444
Uruguay,2008,72.8,12.8,9.7,23895.4,0.77,10.081441250775894
Uruguay,2009,72.7,12.7,9.7,24737.7,0.771,10.116083674769499
Uruguay,2010,73.1,12.9,9.8,25657.0,0.777,10.152571717850691
Uruguay,2011,73.5,13.1,10.0,26612.7,0.785,10.189143824438878
Uruguay,2012,73.7,13.2,10.0,27583.1,0.789,10.224958545320918
Uruguay,2013,73.9,13.3,10.2,28599.0,0.795,10.261127031161688
Uruguay,2014,74.0,13.4,10.2,29630.7,0.798,10.296566264993244
Uruguay,2015,74.5,13.6,10.4,30745.2,0.807,10.333489163489196
Uruguay,2016,74.7,13.7,10.0,31867.2,0.812,10.369332546633004
Uruguay,2017,74.9,13.8,10.5,33032.9,0.817,10.405259313501364
Uruguay,2018,75.0,13.2,10.6,34234.4,0.821,10.44098626547782
Uruguay,2019,75.4,13.2,10.7,35501.4,0.827,10.477327411305623
Uruguay,2020,75.6,14.2,10.8,36798.3,0.832,10.513206927437796
Uruguay,2021,75.7,14.2,10.9,38135.6,0.836,10.548903508052645
Uruguay,2022,76.1,14.4,11.0,39552.0,0.843,10.585371540817363
Venezuela,2003,76.1,13.9,9.8,18375.6,0.776,9.818778976609162
Venezuela,2004,76.5,13.3,10.5,18948.5,0.783,9.849480051704774
Venezuela,2005,76.4,13.3,9.9,19497.0,0.785,9.878015886562459
Venezuela,2006,77.4,13.4,10.0,20086.8,0.79,9.907818161896575
Venezuela,2007,76.8,13.5,10.1,24654.8,0.793,10.112726886680486
Venezuela,2008,76.9,13.6,10.2,21303.9,0.798,9.966645433528564
Venezuela,2009,77.0,13.7,10.5,21935.1,0.801,9.995843372514017
Venezuela,2010,77.0,13.7,10.3,22575.6,0.803,10.024624956005086
Venezuela,2011,77.4,13.9,10.4,23272.1,0.81,10.055010497175086
Venezuela,2012,77.4,13.9,10.4,23951.0,0.812,10.083765355620846
Venezuela,2013,77.4,13.9,10.5,24654.8,0.815,10.112726886680486
Venezuela,2014,77.6,14.1,10.6,25401.8,0.82,10.142575316637474
Venezuela,2015,78.0,14.3,10.7,26178.8,0.826,10.17270520189694
Venezuela,2016,78.0,14.3,10.5,26952.6,0.829,10.201835046637353
Venezuela,2017,78.0,14.3,10.8,27744.2,0.832,10.230782088320145
Venezuela,2018,78.2,14.4,10.8,28571.8,0.835,10.260175496390362
Venezuela,2019,78.3,14.5,10.9,29424.3,0.839,10.28957614255069
Venezuela,2020,78.7,14.7,11.1,30325.9,0.846,10.319757411854953
Venezuela,2021,78.7,14.7,11.1,31212.7,0.848,10.348580342256726
Venezuela,2022,78.8,14.8,11.2,32144.0,0.852,10.377981087054716
Costa Rica,2003,74.5,14.2,9.0,14677.5,0.76,9.594070987938341
Costa Rica,2004,74.5,14.2,9.1,14987.6,0.762,9.614978471540367
Costa Rica,2005,75.6,14.4,9.2,15322.2,0.767,9.637058036117798
Costa Rica,2006,74.9,14.5,9.3,15661.8,0.771,9.658979905468144
Costa Rica,2007,74.9,14.6,9.3,15991.8,0.774,9.679831369848905
Costa Rica,2008,75.1,14.7,9.4,16345.7,0.778,9.701720144793743
Costa Rica,2009,75.2,14.8,9.5,16702.4,0.782,9.723307700654034
Costa Rica,2010,75.3,14.9,9.8,17068.7,0.786,9.745001655887808
Costa Rica,2011,75.4,15.0,9.7,17433.8,0.789,9.766166129669077
Costa Rica,2012,75.6,15.2,9.8,17825.1,0.794,9.788362855364937
Costa Rica,2013,75.4,15.1,9.8,18180.6,0.793,9.808110370487203
Costa Rica,2014,76.0,15.5,10.0,18626.8,0.804,9.832356682873304
Costa Rica,2015,75.8,15.4,10.0,18993.1,0.802,9.851831034296044
Costa Rica,2016,76.0,15.5,10.1,19419.0,0.808,9.874007247213619
Costa Rica,2017,76.0,15.6,10.1,19827.7,0.809,9.89483522890698
Costa Rica,2018,76.2,15.7,10.3,17433.8,0.815,9.766166129669077
Costa Rica,2019,76.3,15.8,10.3,20711.9,0.818,9.938463693300754
Costa Rica,2020,76.3,15.9,10.4,21152.9,0.821,9.95953229091415
Costa Rica,2021,76.6,16.1,10.5,17433.8,0.826,9.766166129669077
Costa Rica,2022,76.6,16.1,10.6,17433.8,0.828,9.766166129669077
Mauritius,2003,72.1,13.7,10.6,27171.2,0.793,10.209912867805045
Mauritius,2004,72.4,13.9,10.7,28051.3,0.799,10.24179025568796
Mauritius,2005,72.6,14.0,10.8,28951.5,0.804,10.273377295130372
Mauritius,2006,72.8,14.1,10.9,29880.7,0.808,10.304968066013844
Mauritius,2007,72.9,14.2,11.0,30833.5,0.812,10.336357040223204
Mauritius,2008,72.9,14.2,11.0,31804.6,0.815,10.367366212394925
Mauritius,2009,73.4,14.5,11.2,37257.0,0.823,10.525595125616142
Mauritius,2010,73.3,14.5,11.2,33878.7,0.824,10.430541777309626
Mauritius,2011,73.7,14.6,11.3,34980.5,0.831,10.462546042352654
Mauritius,2012,73.8,14.7,11.4,36092.0,0.834,10.493826513114392
Mauritius,2013,74.1,14.8,11.5,37257.0,0.839,10.525595125616142
Mauritius,2014,74.3,15.0,11.6,38456.2,0.845,10.55727521030918
Mauritius,2015,74.5,15.1,11.7,39689.8,0.849,10.588849506711757
Mauritius,2016,74.7,15.2,11.8,40964.0,0.854,10.620448911195329
Mauritius,2017,75.0,15.4,11.9,42289.9,0.86,10.652303565838531
Mauritius,2018,75.1,15.4,11.9,43634.5,0.863,10.683603400840344
Mauritius,2019,75.2,15.5,12.0,45027.2,0.867,10.715022030593936
Mauritius,2020,75.5,15.7,12.1,46483.9,0.873,10.746861295062592
Mauritius,2021,75.8,15.8,12.2,47977.1,0.878,10.778479092716232
Mauritius,2022,75.7,15.8,12.3,49491.8,0.88,10.809562278268562
Georgia,2003,75.7,13.8,10.5,19521.0,0.794,9.879246088163093
Georgia,2004,75.8,13.9,10.5,20209.7,0.798,9.913917966150926
Georgia,2005,76.0,14.1,10.6,20934.2,0.803,9.949139464205057
Georgia,2006,76.4,14.3,10.8,21700.9,0.811,9.985109013322878
Georgia,2007,76.2,14.2,10.8,22438.5,0.811,10.018533512482625
Georgia,2008,76.4,14.4,10.9,23246.9,0.817,10.05392706879249
Georgia,2009,76.5,14.5,11.0,24061.2,0.82,10.088355863596659
Georgia,2010,76.7,14.6,11.4,24921.4,0.826,10.123482151098646
Georgia,2011,76.9,14.7,11.2,25812.7,0.831,10.15862189785739
Georgia,2012,76.9,14.8,11.2,26718.9,0.834,10.1931264591385
Georgia,2013,77.2,15.0,11.4,27684.1,0.841,10.228613520149999
Georgia,2014,77.4,15.1,11.5,28669.5,0.846,10.263589118892762
Georgia,2015,77.1,15.0,11.4,29647.3,0.845,10.297126337884837
Georgia,2016,77.4,15.2,11.6,30714.6,0.852,10.332493390560273
Georgia,2017,77.6,15.4,11.7,31811.0,0.857,10.367567420904209
Georgia,2018,77.8,15.5,11.8,32949.2,0.863,10.402722260424984
Georgia,2019,77.8,15.6,11.8,34100.9,0.865,10.437079055885198
Georgia,2020,78.0,15.7,11.9,35314.2,0.87,10.472040428322948
Georgia,2021,78.0,15.7,12.0,36554.5,0.873,10.506559576614448
Georgia,2022,78.1,15.8,12.0,37846.9,0.876,10.541304353265716
Albania,2003,73.5,14.8,10.850000000000001,22126.2,0.778,10.004517705693477
Albania,2004,73.7,13.6,9.9,22876.1,0.783,10.037847976419252
Albania,2005,73.9,13.7,10.0,23654.8,0.788,10.071321333157385
Albania,2006,74.2,13.8,10.1,24460.3,0.793,10.104806674088271
Albania,2007,74.4,13.9,10.2,25288.0,0.798,10.138085253895454
Albania,2008,74.7,14.8,10.3,26155.9,0.804,10.1718300654593
Albania,2009,74.8,14.1,10.4,27034.4,0.807,10.204865408116895
Albania,2010,75.2,14.3,10.850000000000001,30955.65,0.815,10.3403108139561
Albania,2011,75.4,14.4,10.6,28919.0,0.819,10.272254097528252
Albania,2012,75.6,14.5,10.7,29905.0,0.824,10.305780969478658
Albania,2013,76.0,14.7,10.8,30955.65,0.831,10.3403108139561
Albania,2014,76.4,14.9,10.9,32006.3,0.838,10.373688037404523
Albania,2015,76.6,15.0,11.0,33093.3,0.842,10.407086123957656
Albania,2016,76.6,15.0,11.1,34197.3,0.845,10.439901972565767
Albania,2017,77.0,15.1,11.2,35370.5,0.851,10.473633418373288
Albania,2018,77.4,15.3,11.3,36597.0,0.858,10.507721548816848
Albania,2019,77.5,15.4,11.4,37826.3,0.861,10.540759906869663
Albania,2020,77.8,15.5,11.5,39124.9,0.867,10.574514371928645
Albania,2021,78.2,15.7,11.6,40467.7,0.874,10.6082594040335
Albania,2022,78.3,15.7,11.7,41833.2,0.877,10.64144556162979
Sri Lanka,2003,72.2,13.4,10.3,14617.1,0.756,9.589947355215005
Sri Lanka,2004,72.2,13.5,10.4,15028.6,0.759,9.617710331369311
Sri Lanka,2005,72.3,13.6,10.5,15462.1,0.764,9.646147147328138
Sri Lanka,2006,72.5,13.8,10.6,15919.9,0.77,9.67532517797161
Sri Lanka,2007,72.7,13.9,10.8,16388.6,0.775,9.704341250151789
Sri Lanka,2008,72.9,14.1,10.9,16863.4,0.78,9.732900871960522
Sri Lanka,2009,73.1,14.3,11.0,17366.1,0.786,9.762275308982451
Sri Lanka,2010,73.2,14.4,11.1,17864.4,0.79,9.790565184671012
Sri Lanka,2011,73.3,14.5,11.2,18378.9,0.794,9.818958546458235
Sri Lanka,2012,73.5,14.6,11.3,18922.2,0.8,9.84809111491575
Sri Lanka,2013,73.7,14.8,11.5,19475.3,0.805,9.876902274984873
Sri Lanka,2014,73.6,14.9,11.5,20025.5,0.807,9.904761740413859
Sri Lanka,2015,74.0,15.1,11.7,20634.7,0.815,9.934729403675377
Sri Lanka,2016,73.5,15.2,11.8,21222.1,0.818,9.96279837051366
Sri Lanka,2017,74.2,15.3,11.9,21841.7,0.823,9.991576265657395
Sri Lanka,2018,74.4,15.5,12.0,22489.5,0.83,10.020803812603068
Sri Lanka,2019,74.6,15.7,12.2,23145.5,0.834,10.04955565617003
Sri Lanka,2020,74.6,15.8,12.2,23806.3,0.837,10.077705530513498
Sri Lanka,2021,74.9,16.0,12.4,24516.3,0.844,10.107093481437262
Sri Lanka,2022,74.9,14.6,12.5,25217.9,0.847,10.135309338803784
Ukraine,2003,73.6,13.7,8.8,22364.2,0.768,10.015216745050566
Ukraine,2004,73.8,13.8,8.8,22949.9,0.771,10.041068858180724
Ukraine,2005,74.0,13.8,8.8,23547.3,0.774,10.066766443190257
Ukraine,2006,74.2,14.4,8.9,24167.0,0.778,10.092743345182981
Ukraine,2008,74.6,14.0,9.0,25454.5,0.785,10.144647823637136
Ukraine,2009,74.9,14.1,9.1,26135.0,0.79,10.171030691147022
Ukraine,2010,75.3,14.2,9.2,26834.4,0.796,10.197439925501268
Ukraine,2011,75.2,14.4,9.2,27511.7,0.796,10.222366647719994
Ukraine,2012,75.4,14.2,9.2,28227.1,0.798,10.248037788375937
Ukraine,2013,75.7,14.3,9.3,28982.5,0.804,10.274447478544557
Ukraine,2014,76.2,14.5,9.4,29771.3,0.811,10.301300121178668
Ukraine,2015,76.1,14.4,9.25,30519.6,0.81,10.326124379152612
Ukraine,2016,76.5,14.6,9.5,28604.8,0.817,10.261329814893534
Ukraine,2017,76.8,14.7,9.5,32170.9,0.821,10.378817596217246
Ukraine,2018,76.7,14.6,9.5,32994.1,0.821,10.404084036585372
Ukraine,2019,77.1,14.8,9.6,33873.0,0.826,10.430373515848633
Ukraine,2020,77.4,14.9,9.7,34774.1,0.831,10.45662813579534
Ukraine,2021,77.4,14.9,9.7,35668.0,0.832,10.48200920725477
Ukraine,2022,77.7,14.9,9.7,36607.7,0.836,10.50801387977582
Brazil,2003,71.4,14.2,9.0,17843.0,0.754,9.789366553431428
Brazil,2004,71.7,14.3,9.0,18219.8,0.758,9.810264193805294
Brazil,2005,71.8,14.3,9.1,18589.8,0.761,9.83036832218532
Brazil,2006,72.1,14.4,9.1,18987.3,0.765,9.851525613602997
Brazil,2007,72.3,14.5,9.2,19382.9,0.769,9.872146513052877
Brazil,2008,72.4,14.5,9.2,19774.0,0.77,9.892123222457078
Brazil,2009,72.6,14.6,9.3,20186.2,0.774,9.912754481606653
Brazil,2010,72.9,14.7,9.4,20619.8,0.779,9.934007058202864
Brazil,2012,72.9,14.7,9.4,21446.5,0.78,9.973316740879293
Brazil,2013,73.3,14.8,9.5,21909.3,0.786,9.994666483197348
Brazil,2014,73.6,15.0,9.5,22374.4,0.791,10.015672727141052
Brazil,2015,73.5,14.9,9.5,22814.4,0.791,10.035147194527855
Brazil,2016,73.9,15.1,9.6,23305.8,0.796,10.056457535615223
Brazil,2017,73.1,15.0,9.6,23770.8,0.797,10.076213215656635
Brazil,2018,74.0,15.1,9.6,24254.2,0.799,10.096345077245244
Brazil,2019,74.2,15.1,9.7,24752.5,0.801,10.11668177299667
Brazil,2020,74.5,15.2,9.8,25280.5,0.807,10.137788626546214
Brazil,2021,74.5,15.2,9.8,25787.4,0.807,10.157641279524194
Brazil,2022,74.8,15.3,9.8,26330.4,0.812,10.17847944417139
China,2003,73.6,13.8,9.3,22962.8,0.778,10.04163079421757
China,2004,74.0,13.9,9.4,23772.0,0.784,10.076263696486551
China,2005,74.4,14.1,9.5,24616.7,0.79,10.11118035338664
China,2006,74.6,14.1,9.5,32944.0,0.793,10.40256442926757
China,2007,75.1,14.3,9.7,26374.4,0.801,10.180149121704444
China,2008,75.2,14.3,9.7,27274.5,0.803,10.213707478727558
China,2009,75.4,14.3,9.7,28223.8,0.807,10.24792087261361
China,2010,75.7,14.4,9.8,29203.4,0.811,10.282040419834118
China,2011,76.0,14.5,9.8,30226.7,0.816,10.31648091873175
China,2013,76.6,14.7,10.0,32378.1,0.826,10.385237547313576
China,2014,76.9,14.7,10.0,33509.9,0.83,10.419596196543077
China,2015,77.0,14.7,10.1,34661.2,0.833,10.453376184712969
China,2016,77.3,14.8,10.1,35865.2,0.836,10.487522745012294
China,2017,77.5,14.8,10.1,37111.8,0.84,10.521690257324583
China,2018,78.0,15.0,10.3,38430.6,0.848,10.55660929623951
China,2019,78.2,15.0,10.3,39755.0,0.85,10.590490898335585
China,2020,78.3,15.0,10.3,41131.8,0.853,10.624536823943016
China,2021,78.9,15.2,10.4,42592.9,0.861,10.659442851700362
China,2022,79.4,15.4,10.5,44099.7,0.868,10.69420825869071
Bolivia,2003,70.3,11.0,8.5,10807.0,0.685,9.287949351303165
Bolivia,2004,70.8,11.1,8.6,11041.6,0.691,9.309425236866337
Bolivia,2005,71.0,11.1,8.6,11258.6,0.693,9.32888756003818
Bolivia,2006,71.3,11.2,8.6,11486.3,0.697,9.348910299836417
Bolivia,2007,71.4,11.2,8.7,11707.3,0.699,9.367967857845368
Bolivia,2008,71.8,11.3,8.7,11946.7,0.703,9.388210368595436
Bolivia,2009,72.0,11.3,8.7,12178.8,0.705,9.407452014242773
Bolivia,2010,73.15,11.4,8.8,12433.5,0.71,9.428149721699691
Bolivia,2011,72.5,11.4,8.8,12678.1,0.713,9.447631374492449
Bolivia,2012,73.1,11.6,9.0,12958.0,0.72,9.469468637009902
Bolivia,2013,73.2,11.6,9.0,13207.1,0.721,9.488509842757397
Bolivia,2014,73.5,11.7,9.0,13475.2,0.725,9.508606237967609
Bolivia,2015,73.8,11.7,9.1,13743.6,0.728,9.528328540191671
Bolivia,2016,73.15,11.8,9.1,14025.6,0.732,9.54863951022449
Bolivia,2017,74.6,12.0,9.2,14331.8,0.739,9.570236123540983
Bolivia,2018,74.6,11.9,9.2,14593.3,0.739,9.588317798258123
Bolivia,2019,74.9,11.9,9.2,14884.8,0.742,9.608095837014295
Bolivia,2020,75.3,12.1,9.3,15197.6,0.747,9.62889279963084
Bolivia,2021,75.3,12.0,9.3,12958.0,0.747,9.469468637009902
Bolivia,2022,75.8,12.2,9.4,15813.3,0.754,9.668606637075476
Egypt,2003,64.2,10.6,5.7,4205.8,0.571,8.344219804014603
Egypt,2004,64.5,10.7,5.8,4288.7,0.576,8.363738935696073
Egypt,2005,64.8,10.8,5.9,4363.2,0.58,8.380961012091324
Egypt,2006,64.9,10.8,5.9,4423.0,0.581,8.394573477868327
Egypt,2007,65.2,11.0,6.0,4515.0,0.587,8.415160465851086
Egypt,2008,65.6,11.1,6.1,5044.7,0.593,8.526093466202957
Egypt,2009,65.8,11.2,6.2,4680.1,0.596,8.451074756204777
Egypt,2010,66.3,11.4,6.3,5044.7,0.603,8.526093466202957
Egypt,2011,66.7,11.5,6.4,4881.6,0.608,8.493228313962405
Egypt,2012,66.9,11.6,6.5,4967.9,0.612,8.510752494586251
Egypt,2013,67.1,11.6,6.5,5044.7,0.615,8.526093466202957
Egypt,2014,67.5,11.8,6.7,5154.5,0.621,8.54762539853644
Egypt,2015,67.7,11.9,6.7,5235.5,0.624,8.563217629727516
Egypt,2016,66.9,12.0,6.8,5326.8,0.628,8.58050596162799
Egypt,2017,68.2,12.0,6.9,5422.0,0.632,8.598220030058611
Egypt,2018,68.5,12.2,7.0,5524.9,0.636,8.617020426674644
Egypt,2019,68.8,12.3,7.0,5044.7,0.641,8.526093466202957
Egypt,2020,69.2,12.4,7.1,5734.7,0.646,8.654290717820345
Egypt,2021,69.5,12.5,7.2,5840.0,0.65,8.672486075822272
Egypt,2022,69.7,12.6,7.3,5945.7,0.654,8.690423548198412
El Salvador,2003,69.5,11.3,6.4,8989.9,0.649,9.103857003933276
El Salvador,2004,69.8,11.5,6.5,9254.4,0.654,9.132854393084337
El Salvador,2005,69.8,11.4,6.5,9499.9,0.656,9.15903655121744
El Salvador,2006,70.0,11.5,6.5,9761.1,0.658,9.18616037797445
El Salvador,2007,70.4,11.7,6.7,10060.2,0.665,9.216342324171817
El Salvador,2008,70.4,11.6,6.7,10328.1,0.667,9.242623614896335
El Salvador,2009,70.7,11.8,6.7,10631.1,0.672,9.271538946697191
El Salvador,2010,70.9,12.0,6.8,10929.3,0.675,9.299202535203857
El Salvador,2011,71.0,11.8,6.8,11229.1,0.678,9.326263902045397
El Salvador,2012,71.2,11.9,6.9,11544.0,0.681,9.353921100453707
El Salvador,2013,71.3,12.0,6.9,11867.2,0.684,9.381533570982294
El Salvador,2014,71.5,12.0,7.0,11544.0,0.688,9.353921100453707
El Salvador,2015,71.8,12.1,7.0,12558.1,0.693,9.43812115469379
El Salvador,2016,71.8,12.1,7.1,12895.1,0.694,9.464602673229152
El Salvador,2017,72.1,12.2,7.1,13267.7,0.699,9.49308778901843
El Salvador,2018,72.2,12.2,7.1,13629.2,0.701,9.519969828910789
El Salvador,2019,72.4,12.3,7.2,14014.8,0.705,9.54786919307252
El Salvador,2020,72.7,12.4,7.3,14419.6,0.71,9.57634367120316
El Salvador,2021,72.6,12.4,7.3,14806.6,0.711,9.60282830629381
El Salvador,2022,73.2,12.6,7.4,15264.6,0.72,9.633291701091622
Gabon,2003,69.6,9.7,6.9,6557.2,0.611,8.788318961552301
Gabon,2004,69.8,9.8,7.0,5304.5,0.615,8.576310795899326
Gabon,2005,70.4,10.1,7.2,5458.3,0.624,8.604892664946467
Gabon,2006,70.5,10.1,7.2,5567.3,0.626,8.624665475720231
Gabon,2007,70.7,10.2,7.3,5691.5,0.629,8.646729112765271
Gabon,2008,71.1,10.3,7.4,5840.3,0.636,8.6725374443659
Gabon,2009,71.2,10.3,7.4,5958.6,0.638,8.692590833137368
Gabon,2010,71.7,10.6,7.6,6120.8,0.646,8.719448085917643
Gabon,2011,71.8,10.6,7.6,6250.4,0.649,8.740400740682535
Gabon,2012,71.9,10.6,7.7,6383.1,0.651,8.761409151747781
Gabon,2013,72.4,10.9,7.8,6557.2,0.659,8.788318961552301
Gabon,2014,72.4,10.8,7.8,6680.7,0.66,8.806978051459721
Gabon,2015,72.8,11.0,7.9,6848.7,0.666,8.831814132223677
Gabon,2016,73.0,11.1,8.0,7002.4,0.67,8.854008226418228
Gabon,2017,73.3,11.2,8.1,7174.3,0.675,8.87826047489283
Gabon,2018,73.6,11.3,8.2,7342.4,0.68,8.90142104364057
Gabon,2019,73.7,11.4,8.2,7496.5,0.682,8.922191523934957
Gabon,2020,73.9,11.4,8.3,7661.9,0.686,8.944015273752818
Gabon,2021,74.3,11.6,8.4,7851.4,0.691,8.968447138824107
Gabon,2022,74.4,11.6,8.4,8021.4,0.694,8.989868249217132
India,2003,67.0,12.1,5.6,4670.3,0.597,8.448978588428348
India,2005,67.2,11.6,5.7,4981.5,0.603,8.51348632948491
India,2006,67.3,11.6,5.7,5142.3,0.606,8.545255729181122
India,2007,67.6,11.8,5.8,5332.0,0.612,8.5814816812986
India,2008,67.8,11.9,5.9,5512.0,0.616,8.614682812693495
India,2009,67.7,11.9,5.9,5677.0,0.618,8.644178203170727
India,2010,67.9,11.9,5.9,5864.1,0.621,8.676604296627087
India,2011,68.0,12.0,6.0,6064.4,0.625,8.710190888207427
India,2012,68.1,12.0,6.0,6254.0,0.627,8.740976538017787
India,2013,68.2,12.1,6.1,6459.3,0.631,8.773276231772245
India,2014,68.4,12.2,6.1,6688.7,0.636,8.808174814359301
India,2015,68.5,12.1,6.2,6905.8,0.639,8.840116917206224
India,2016,68.7,12.3,6.3,7139.9,0.643,8.87345404963331
India,2017,68.6,12.3,6.2,7348.8,0.643,8.902292313571529
India,2018,68.8,12.4,6.3,7598.5,0.648,8.93570613837366
India,2019,69.0,12.5,6.4,7856.6,0.652,8.969109221863317
India,2020,69.0,12.5,6.4,8103.0,0.654,8.999989642460726
India,2021,69.2,12.6,6.5,8385.6,0.659,9.034271228047903
India,2022,69.4,12.7,6.5,8667.2,0.663,9.067301064903635
Indonesia,2003,67.4,9.7,8.4,10405.0,0.656,9.250041738827735
Indonesia,2004,67.6,9.8,8.5,10626.7,0.659,9.271124980993983
Indonesia,2005,67.9,9.9,8.6,10864.1,0.664,9.293219054468928
Indonesia,2006,68.2,10.0,9.3,11111.8,0.669,9.315762885712088
Indonesia,2007,68.4,10.0,8.7,11345.2,0.672,9.33655002596997
Indonesia,2008,68.6,10.1,8.8,11593.8,0.676,9.358225751449009
Indonesia,2009,68.9,10.2,8.9,12953.9,0.681,9.469152180089784
Indonesia,2010,69.1,10.3,9.0,12106.2,0.684,9.401472997048687
Indonesia,2011,69.8,10.6,9.2,12417.1,0.695,9.426829833859488
Indonesia,2012,69.8,10.6,9.2,12662.2,0.695,9.446376456272331
Indonesia,2013,70.2,10.7,9.3,12953.9,0.701,9.469152180089784
Indonesia,2014,70.5,10.8,9.4,13242.5,0.706,9.491186633418682
Indonesia,2015,70.8,11.0,9.5,13544.0,0.711,9.51369892381297
Indonesia,2016,71.2,11.1,9.6,13851.3,0.717,9.53613437002653
Indonesia,2017,71.5,11.2,9.7,14160.8,0.721,9.558232862826946
Indonesia,2018,71.6,11.2,9.7,14462.2,0.724,9.579293627985145
Indonesia,2019,72.0,11.4,9.8,14789.3,0.729,9.601659225308241
Indonesia,2020,72.3,11.5,9.9,15124.0,0.735,9.624038165010823
Indonesia,2021,72.5,11.6,10.0,15456.2,0.739,9.64576549632717
Indonesia,2022,73.0,11.8,10.1,15819.8,0.746,9.6690175990167
Iraq,2003,69.7,11.7,7.8,9248.4,0.674,9.132205842571947
Iraq,2004,69.9,11.8,7.9,9428.2,0.679,9.151460477237894
Iraq,2005,70.2,12.0,8.1,9620.4,0.685,9.171641122836906
Iraq,2006,70.4,12.2,8.2,9804.9,0.69,9.190637539700313
Iraq,2008,70.6,12.4,8.4,10168.8,0.697,9.22707948798046
Iraq,2009,71.0,12.6,8.6,10386.6,0.705,9.248271792810739
Iraq,2010,71.3,12.8,8.7,10590.7,0.71,9.267731536505366
Iraq,2011,71.6,13.0,8.8,10812.2,0.717,9.288430405190477
Iraq,2012,71.7,13.1,8.9,11009.6,0.72,9.306522898448215
Iraq,2013,71.6,13.1,9.0,11193.6,0.721,9.323097465384228
Iraq,2014,72.0,13.3,9.1,11431.3,0.729,9.34411048610446
Iraq,2015,72.4,13.6,9.3,11670.8,0.736,9.364845274773362
Iraq,2016,72.5,13.6,9.4,10910.900000000001,0.739,9.297517568550319
Iraq,2017,72.7,13.8,9.5,10910.900000000001,0.743,9.297517568550319
Iraq,2018,73.0,14.0,9.6,12354.4,0.749,9.421767553908792
Iraq,2019,73.0,14.0,9.7,12579.2,0.752,9.43979993522754
Iraq,2020,73.3,14.2,9.9,12834.8,0.758,9.459915510791937
Iraq,2021,73.5,14.3,10.0,13076.8,0.762,9.478594946761865
Iraq,2022,73.7,14.5,10.1,10910.900000000001,0.767,9.297517568550319
Kyrgyzstan,2003,65.1,11.8,8.5,4810.1,0.628,8.478473152904488
Kyrgyzstan,2004,65.3,11.8,8.5,6216.55,0.631,8.734970369471721
Kyrgyzstan,2005,65.4,12.4,8.6,5024.5,0.632,8.522081225489014
Kyrgyzstan,2006,65.8,11.9,8.7,5167.0,0.638,8.550047528287184
Kyrgyzstan,2007,66.1,12.0,8.7,5303.8,0.643,8.576178823764108
Kyrgyzstan,2008,66.2,12.0,8.7,5418.2,0.645,8.597518935954138
Kyrgyzstan,2009,66.5,12.1,8.8,5558.8,0.649,8.623137536612427
Kyrgyzstan,2010,66.8,12.2,8.9,5699.5,0.653,8.648133730676832
Kyrgyzstan,2011,67.0,12.2,8.9,6216.55,0.656,8.734970369471721
Kyrgyzstan,2012,67.4,12.3,9.0,5994.8,0.662,8.69864770577084
Kyrgyzstan,2013,67.6,12.4,9.0,6137.0,0.665,8.722091302389098
Kyrgyzstan,2014,67.9,12.5,9.1,6296.1,0.669,8.747685673071485
Kyrgyzstan,2015,68.0,12.5,9.1,6440.6,0.671,8.770376982460421
Kyrgyzstan,2016,68.3,12.6,9.2,6606.5,0.676,8.79580929185427
Kyrgyzstan,2017,68.7,12.7,9.3,6783.7,0.681,8.822277954795817
Kyrgyzstan,2018,68.8,12.7,9.3,6942.4,0.684,8.845402815044086
Kyrgyzstan,2019,69.3,12.9,9.4,7137.3,0.69,8.873089832555907
Kyrgyzstan,2020,69.4,12.9,9.4,7294.3,0.691,8.894848500218464
Kyrgyzstan,2021,69.7,13.0,9.5,7483.3,0.696,8.920429150149385
Kyrgyzstan,2022,70.0,13.1,9.6,7677.6,0.701,8.946062277303419
Morocco,2003,66.2,10.7,7.6,4027.6,0.602,8.30092594404146
Morocco,2004,66.2,10.8,7.7,4140.1,0.606,8.328475221117015
Morocco,2005,66.7,11.1,7.8,4297.1,0.615,8.365695655554473
Morocco,2006,66.6,11.1,8.55,4402.4,0.617,8.38990512574555
Morocco,2007,66.8,11.3,8.0,4540.9,0.622,8.420880509274323
Morocco,2008,66.9,11.4,8.1,5357.3,0.626,8.586215395806308
Morocco,2009,67.3,11.6,8.3,4839.3,0.634,8.484525361151851
Morocco,2010,67.5,11.7,8.4,4986.5,0.639,8.514489539841923
Morocco,2011,67.7,11.9,8.5,5135.4,0.644,8.543913016115619
Morocco,2012,67.8,12.0,8.5,5284.8,0.648,8.572590054636525
Morocco,2013,67.8,12.0,8.6,5429.8,0.65,8.599657579837128
Morocco,2014,68.1,12.2,8.7,5610.1,0.657,8.632323823669816
Morocco,2015,68.2,12.3,8.8,5772.5,0.661,8.66086054122865
Morocco,2016,68.5,12.5,9.0,5961.7,0.668,8.693110954286984
Morocco,2017,68.6,12.6,9.1,6141.1,0.672,8.722759158189652
Morocco,2018,68.6,12.6,9.1,6310.4,0.675,8.74995434496826
Morocco,2019,69.0,12.9,9.3,6518.9,0.682,8.782460929030844
Morocco,2020,69.1,13.0,9.4,6714.8,0.686,8.81206932444826
Morocco,2021,68.9,12.9,9.4,6884.7,0.686,8.837056837228676
Nicaragua,2003,64.1,10.4,6.8,4698.6,0.588,8.455019870984946
Nicaragua,2004,64.6,10.7,6.9,4823.9,0.597,8.48133800850725
Nicaragua,2005,64.7,10.8,7.0,4916.2,0.6,8.50029115334088
Nicaragua,2006,64.9,10.9,7.75,5010.4,0.604,8.519271031211202
Nicaragua,2007,65.0,11.0,7.2,5105.0,0.607,8.537975730598767
Nicaragua,2008,65.2,11.1,7.3,5202.5,0.611,8.556894558267789
Nicaragua,2009,65.5,11.2,7.4,5315.2,0.616,8.578325919418976
Nicaragua,2010,65.8,11.4,7.5,5439.0,0.623,8.60135049942296
Nicaragua,2011,66.1,11.6,7.6,5558.3,0.628,8.623047585096234
Nicaragua,2012,66.3,11.7,7.7,5668.5,0.632,8.642679811457654
Nicaragua,2013,66.3,11.7,7.8,5764.2,0.634,8.659421654643747
Nicaragua,2014,66.5,11.8,7.9,5876.2,0.638,8.67866557347423
Nicaragua,2015,66.8,12.0,8.0,6009.6,0.644,8.701113469573889
Nicaragua,2017,67.3,12.2,8.2,6260.5,0.653,8.742015333109002
Nicaragua,2018,67.5,12.3,8.3,6384.1,0.657,8.761565803167365
Nicaragua,2019,67.6,12.4,8.4,6512.0,0.661,8.781401907682376
Nicaragua,2020,67.8,12.5,8.4,6634.4,0.664,8.800023513136994
Nicaragua,2021,68.2,12.7,8.6,6791.9,0.671,8.823486004679026
Nicaragua,2022,68.3,12.8,8.7,6920.7,0.674,8.84227219956515
Palestine,2003,66.8,11.0,5.9,4653.8,0.594,8.445439369152847
Palestine,2004,66.9,11.1,6.0,4806.8,0.599,8.477786861037144
Palestine,2005,67.1,11.2,6.1,6442.4,0.603,8.770656420481336
Palestine,2006,67.2,11.2,6.1,5112.0,0.605,8.53934599605737
Palestine,2007,67.5,11.3,6.2,5297.0,0.612,8.574895901544526
Palestine,2008,67.6,11.4,6.3,5463.0,0.615,8.605753368395717
Palestine,2009,67.9,11.5,6.4,5653.8,0.621,8.640083164440766
Palestine,2010,68.1,11.6,6.4,5839.1,0.625,8.672331954357128
Palestine,2011,68.2,11.6,6.5,6021.9,0.628,8.703158103124991
Palestine,2012,68.4,11.7,6.6,6223.0,0.632,8.736007384569218
Palestine,2013,68.7,11.9,6.7,6442.4,0.639,8.770656420481336
Palestine,2014,68.8,11.7,6.7,6650.4,0.642,8.802432282216879
Palestine,2015,69.0,12.0,6.8,6865.0,0.646,8.834191318202071
Palestine,2016,69.2,12.1,6.9,7092.4,0.65,8.866779067182833
Palestine,2017,69.4,12.2,6.9,7334.3,0.656,8.900317253166909
Palestine,2018,69.8,12.4,7.1,7596.6,0.663,8.935456057754262
Palestine,2019,69.8,12.4,7.1,7827.4,0.664,8.965385677647857
Palestine,2020,70.1,12.5,7.2,8092.5,0.67,8.9986929858004
Palestine,2021,70.3,12.6,6.6,8362.4,0.674,9.031500746218498
Palestine,2022,70.3,12.7,7.3,8627.6,0.677,9.06272164574822
Philippines,2003,66.1,10.5,8.2,4159.0,0.608,8.33302993974291
Philippines,2004,66.5,10.6,8.3,4301.2,0.615,8.36664933251637
Philippines,2005,67.0,10.8,8.4,4450.5,0.621,8.400771728398986
Philippines,2006,67.0,10.8,8.4,4570.4,0.624,8.427356007410253
Philippines,2007,67.5,11.0,8.5,4730.6,0.631,8.461807323335503
Philippines,2008,67.6,11.0,8.6,4863.5,0.634,8.489513622309495
Philippines,2009,68.1,11.2,8.7,5035.8,0.641,8.524327680316837
Philippines,2010,68.3,11.3,8.8,5189.8,0.646,8.554450439771946
Philippines,2011,68.5,11.3,8.8,5337.9,0.648,8.5825875961809
Philippines,2012,69.0,11.6,9.0,5514.15,0.657,8.615072794695779
Philippines,2013,69.1,11.6,9.0,5690.4,0.66,8.646535823419306
Philippines,2014,69.4,11.7,9.1,5869.7,0.665,8.677558804190735
Philippines,2015,69.8,11.8,9.2,6065.5,0.671,8.710372258210974
Philippines,2016,70.2,12.0,9.3,6266.6,0.677,8.742989221795472
Philippines,2017,70.3,12.0,9.4,6442.5,0.68,8.770671942526521
Philippines,2018,70.7,12.1,9.5,6657.2,0.686,8.803454254712571
Philippines,2019,71.0,12.3,9.6,6871.2,0.692,8.835094042452015
Philippines,2020,71.3,12.4,9.7,7090.8,0.697,8.86655344813963
Philippines,2021,71.6,12.5,9.7,5514.15,0.701,8.615072794695779
Philippines,2022,71.8,12.5,9.8,7534.9,0.706,8.927300839572398
South Africa,2003,67.3,9.7,6.9,7873.1,0.621,8.971207164742314
South Africa,2004,67.8,10.0,7.0,8048.5,0.63,8.993241017646284
South Africa,2005,68.1,10.1,7.1,8199.8,0.634,9.011865042710996
South Africa,2006,68.1,10.1,7.2,8328.4,0.636,9.027426639881039
South Africa,2007,68.4,10.2,7.3,8491.3,0.641,9.04679738890272
South Africa,2008,68.8,10.4,7.4,8661.8,0.648,9.066677832152202
South Africa,2009,69.2,10.6,7.6,8840.8,0.655,9.087132649274572
South Africa,2010,69.4,10.7,7.6,8996.4,0.658,9.104579776297017
South Africa,2011,69.6,10.8,7.7,9161.6,0.662,9.122776114903797
South Africa,2012,69.9,11.0,7.8,9343.0,0.668,9.142382678792956
South Africa,2013,70.2,11.1,7.8,9516.2,0.672,9.160750888436121
South Africa,2014,70.6,11.3,8.1,9710.8,0.679,9.180993947180951
South Africa,2015,70.7,11.3,8.2,9161.6,0.682,9.122776114903797
South Africa,2016,71.1,11.5,8.3,9161.6,0.688,9.122776114903797
South Africa,2017,71.5,11.7,8.4,10284.5,0.695,9.238393186418218
South Africa,2018,71.6,11.7,8.5,10461.9,0.697,9.25549536548304
South Africa,2019,71.8,11.8,8.6,10655.5,0.702,9.273831469757381
South Africa,2020,72.3,12.0,8.7,10875.2,0.709,9.294240246592373
South Africa,2021,72.5,12.2,8.8,9161.6,0.713,9.122776114903797
South Africa,2022,72.9,12.3,8.9,11299.7,0.719,9.332531455675444
Tajikistan,2003,66.6,12.4,7.8,4215.5,0.626,8.346523487362731
Tajikistan,2004,67.1,12.8,8.0,4319.4,0.635,8.370871782703313
Tajikistan,2005,67.0,12.8,8.0,4361.8,0.636,8.380640095183125
Tajikistan,2006,67.1,12.8,8.1,4423.7,0.639,8.394731728967937
Tajikistan,2007,67.3,13.0,8.3,4500.7,0.643,8.411988219216456
Tajikistan,2008,67.7,13.2,8.4,4591.4,0.65,8.43194026744147
Tajikistan,2009,67.8,13.3,8.5,4657.2,0.653,8.446169688162861
Tajikistan,2010,67.8,13.4,8.6,4719.1,0.655,8.459373382432144
Tajikistan,2011,68.2,13.6,8.7,4821.4,0.663,8.480819621301878
Tajikistan,2012,68.3,13.7,8.8,4885.5,0.665,8.494026913384397
Tajikistan,2013,68.7,14.0,9.0,4992.3,0.673,8.515652004397408
Tajikistan,2014,68.8,14.1,9.1,5067.1,0.676,8.530523940824882
Tajikistan,2015,68.9,14.1,9.2,5135.9,0.678,8.544010374775262
Tajikistan,2016,69.2,14.4,9.3,5238.7,0.685,8.563828654932221
Tajikistan,2017,69.3,14.4,9.4,5313.4,0.688,8.577987210648825
Tajikistan,2018,69.6,14.6,9.5,5409.6,0.693,8.595930431953622
Tajikistan,2019,69.7,14.7,9.6,5495.8,0.697,8.611739443138157
Tajikistan,2020,69.8,13.7,9.7,5573.8,0.699,8.625832326522666
Tajikistan,2021,70.0,15.0,9.8,5668.6,0.704,8.642697452653374
Tajikistan,2022,70.4,15.2,10.0,5779.8,0.71,8.662124358991633
Vietnam,2003,69.9,12.2,6.85,11871.2,0.673,9.381870577691917
Vietnam,2004,70.1,12.3,6.4,12095.6,0.677,9.400597029089461
Vietnam,2005,70.1,12.3,6.4,12309.8,0.679,9.41815097209282
Vietnam,2006,70.2,12.4,6.5,12528.1,0.68,9.43572940031878
Vietnam,2007,70.3,12.5,6.5,12764.6,0.684,9.454430993501102
Vietnam,2008,70.6,12.6,6.6,13010.5,0.688,9.473512002743465
Vietnam,2009,70.7,12.6,6.7,13251.3,0.691,9.49185093980913
Vietnam,2010,70.9,12.7,6.7,13497.1,0.694,9.5102301265357
Vietnam,2011,71.0,12.8,6.8,13749.8,0.698,9.528779557534385
Vietnam,2012,71.3,12.8,6.8,13999.2,0.7,9.546755464107537
Vietnam,2013,71.3,12.9,6.85,14261.0,0.703,9.565283817736766
Vietnam,2014,71.4,13.0,6.9,14522.0,0.706,9.583420019940192
Vietnam,2015,71.7,13.1,7.0,14802.8,0.71,9.602571631047377
Vietnam,2016,71.8,13.2,7.1,15079.6,0.714,9.62109811601121
Vietnam,2017,71.7,13.1,7.1,15332.3,0.713,9.637716993227878
Vietnam,2018,71.9,13.2,7.1,15625.8,0.717,9.656678673293927
Vietnam,2019,72.1,13.3,7.2,15918.1,0.721,9.675212105542318
Vietnam,2020,72.2,13.4,7.3,16209.8,0.723,9.693371276590684
Vietnam,2021,72.6,13.5,7.4,16530.7,0.729,9.712974537165879
Vietnam,2022,72.5,13.5,7.4,16820.8,0.73,9.730371494821567
Honduras,2003,70.0,9.7,7.7,5489.2,0.625,8.610537804395477
Honduras,2004,70.5,9.9,8.5,5711.2,0.633,8.650184438188251
Honduras,2005,70.8,10.0,7.9,5920.7,0.639,8.686209964131113
Honduras,2006,70.9,10.0,8.5,6121.7,0.642,8.719595114711046
Honduras,2007,71.0,10.0,8.0,6324.9,0.644,8.752249503194058
Honduras,2008,71.4,10.2,8.1,6571.4,0.652,8.79048217858038
Honduras,2009,71.8,10.4,8.2,6830.2,0.66,8.829109234712977
Honduras,2010,72.0,10.5,8.3,7065.5,0.663,8.8629790640228
Honduras,2011,72.1,10.8,8.3,7313.3,0.667,8.897449887265584
Honduras,2012,72.4,10.6,8.4,7585.3,0.673,8.933967442747353
Honduras,2013,72.8,10.8,8.5,7585.3,0.68,8.933967442747353
Honduras,2014,73.1,10.9,8.6,8159.3,0.684,9.006913659964743
Honduras,2015,73.3,11.0,8.7,8448.6,0.689,9.04175602615132
Honduras,2016,73.5,11.1,8.8,8755.4,0.694,9.077425931854464
Honduras,2017,73.8,11.2,8.9,9074.5,0.699,9.113223561196456
Honduras,2018,74.0,11.3,8.9,9400.1,0.703,9.148475606499382
Honduras,2019,74.5,11.5,9.1,9768.5,0.712,9.18691820203169
Honduras,2020,74.6,11.5,8.5,10104.7,0.714,9.220755941123883
Honduras,2021,75.0,11.7,9.2,10488.5,0.722,9.258034697838845
Honduras,2022,75.3,11.8,9.3,10873.5,0.727,9.294083915409042
Guatemala,2003,65.9,12.1,6.9,11844.8,0.661,9.379644231688834
Guatemala,2004,65.8,12.1,7.0,12186.7,0.662,9.408100472125994
Guatemala,2005,66.0,12.2,7.1,12570.3,0.668,9.439092167647946
Guatemala,2006,66.2,12.4,7.2,12967.5,0.674,9.470201506225555
Guatemala,2007,66.3,12.5,7.3,13357.1,0.677,9.499803357660168
Guatemala,2008,66.5,12.7,7.85,13782.2,0.683,9.531133183493763
Guatemala,2009,66.7,12.8,7.5,16044.9,0.688,9.68314632105336
Guatemala,2010,66.8,12.9,7.6,14647.7,0.692,9.59203860553293
Guatemala,2011,66.6,12.9,7.6,15069.8,0.693,9.620448020132343
Guatemala,2012,67.0,13.1,7.8,15556.0,0.7,9.652201695275638
Guatemala,2013,67.2,13.3,7.9,16044.9,0.706,9.68314632105336
Guatemala,2014,67.1,13.3,7.9,16516.2,0.707,9.712096996402266
Guatemala,2015,67.4,13.5,8.1,17046.6,0.714,9.743706049336414
Guatemala,2016,67.5,13.6,8.2,17571.7,0.718,9.774044932334407
Guatemala,2017,67.5,13.6,8.2,18094.9,0.72,9.803385409594068
Guatemala,2018,67.8,13.8,8.3,18674.0,0.727,9.834887461043872
Guatemala,2019,67.9,13.9,7.85,19244.3,0.731,9.864970191972413
Guatemala,2020,68.0,14.1,8.5,19841.7,0.736,9.895541062651944
Guatemala,2021,68.0,14.1,8.6,20437.6,0.738,9.925131620594
Guatemala,2022,68.2,14.3,8.7,21079.6,0.744,9.956061027143196
Bangladesh,2003,66.5,11.5,8.1,8367.8,0.649,9.032146285445467
Bangladesh,2004,66.9,10.9,8.1,8577.5,0.653,9.056897774732604
Bangladesh,2005,67.2,11.0,8.2,10657.9,0.658,9.274056680189329
Bangladesh,2006,67.5,11.1,8.2,9006.0,0.661,9.105646300861517
Bangladesh,2007,67.8,11.2,8.3,9231.9,0.666,9.130420156800135
Bangladesh,2008,68.0,11.2,8.3,9446.5,0.668,9.153399581513373
Bangladesh,2009,68.4,11.3,8.4,9687.6,0.673,9.17860199618897
Bangladesh,2010,68.6,11.3,8.4,9917.2,0.676,9.202025902372098
Bangladesh,2011,69.0,11.4,8.5,10170.4,0.681,9.227236819635912
Bangladesh,2012,69.3,11.5,8.5,10418.2,0.685,9.251309555663582
Bangladesh,2013,69.4,11.4,8.5,10657.9,0.687,9.274056680189329
Bangladesh,2014,69.9,11.6,8.7,10939.6,0.693,9.300144512236228
Bangladesh,2015,70.1,11.6,8.7,11191.2,0.695,9.32288303416222
Bangladesh,2016,70.5,11.7,8.7,11479.1,0.7,9.348283269587792
Bangladesh,2017,70.7,11.8,8.8,11755.8,0.704,9.372102014804776
Bangladesh,2018,71.2,11.9,8.9,12058.6,0.709,9.397533377307159
Bangladesh,2019,71.3,11.8,8.9,12333.1,0.71,9.420041983860369
Bangladesh,2020,71.6,11.9,8.9,12634.2,0.714,9.444162701632541
Bangladesh,2021,71.9,12.0,9.0,12947.2,0.718,9.468634827533371
Bangladesh,2022,72.2,12.0,9.0,13261.7,0.722,9.492635460650483
Nepal,2003,65.5,11.3,6.4,6403.6,0.614,8.76461561120394
Nepal,2004,65.6,11.5,6.5,6623.2,0.62,8.798333915824596
Nepal,2005,65.7,11.6,6.6,6845.4,0.625,8.831332172830379
Nepal,2006,65.8,11.7,6.7,7068.1,0.629,8.863346981613411
Nepal,2007,65.9,11.9,6.9,7310.5,0.635,8.897066949857493
Nepal,2008,65.9,12.0,6.9,7541.9,0.638,8.928229418647929
Nepal,2009,66.1,12.1,7.1,7802.7,0.644,8.962225106626416
Nepal,2010,66.1,12.3,7.2,8761.099999999999,0.648,9.078076746823342
Nepal,2011,66.2,12.4,7.3,8327.3,0.653,9.027294552967659
Nepal,2012,66.4,12.6,7.4,8614.9,0.659,9.061248541233605
Nepal,2013,66.5,12.7,7.5,8907.3,0.664,9.094626444238864
Nepal,2014,66.7,12.9,7.7,9214.4,0.67,9.128522756752409
Nepal,2015,66.8,13.0,7.7,9514.5,0.674,9.160572229742062
Nepal,2016,66.9,13.2,7.9,8761.099999999999,0.68,9.078076746823342
Nepal,2017,67.0,13.3,8.0,10167.9,0.685,9.22699097804516
Nepal,2018,67.3,13.5,8.1,10529.5,0.692,9.261936120619833
Nepal,2019,67.0,13.4,8.1,10837.2,0.691,9.290739939044753
Nepal,2020,67.2,13.6,8.3,11212.9,0.697,9.32482018020119
Nepal,2021,67.5,13.9,8.4,11611.3,0.705,9.359734040861046
Nepal,2022,67.5,13.9,8.5,11982.4,0.708,9.391194185495102
Pakistan,2003,67.8,12.2,6.8,8857.5,0.656,9.089019836739627
Pakistan,2004,69.9,12.2,6.9,9113.3,0.659,9.117490163958665
Pakistan,2005,68.2,12.4,7.0,9407.9,0.665,9.149305040830216
Pakistan,2006,68.4,12.5,7.1,9691.6,0.67,9.179014809933275
Pakistan,2007,68.9,12.8,7.3,10020.4,0.679,9.212378294001748
Pakistan,2008,68.9,12.8,7.3,10304.7,0.68,9.240355380819281
Pakistan,2009,69.1,12.9,7.4,10624.9,0.686,9.270955581983621
Pakistan,2010,69.4,13.0,7.5,10956.2,0.691,9.301660785053883
Pakistan,2011,69.6,13.1,7.6,11288.2,0.696,9.331513211306236
Pakistan,2012,69.9,13.3,7.7,11652.2,0.703,9.363250282367309
Pakistan,2013,69.9,13.3,7.8,11987.2,0.705,9.391594692809715
Pakistan,2014,70.2,13.5,7.9,12364.6,0.711,9.422592830059033
Pakistan,2015,70.4,13.6,8.0,12735.8,0.714,9.452172204443274
Pakistan,2016,70.5,13.7,8.0,13122.3,0.719,9.482068352012025
Pakistan,2017,70.8,13.8,8.2,13533.7,0.725,9.512938150150749
Pakistan,2018,71.1,14.0,8.3,13956.2,0.73,9.543679132957779
Pakistan,2019,71.3,14.1,8.4,14381.9,0.735,9.573725750502401
Pakistan,2020,71.5,14.2,8.4,14822.1,0.739,9.603874589216382
Pakistan,2021,71.6,14.3,8.5,15271.5,0.743,9.63374362521536
Pakistan,2022,72.0,13.3,8.7,15755.2,0.75,9.664925748493538
Cambodia,2003,68.0,10.4,6.1,8143.4,0.623,9.004963062205917
Cambodia,2004,67.9,10.4,6.2,8249.9,0.624,9.017956358043143
Cambodia,2005,68.1,10.5,6.2,8385.5,0.628,9.034259302771682
Cambodia,2006,68.5,10.7,6.4,8534.8,0.634,9.051907202030728
Cambodia,2007,68.3,10.6,6.4,8640.1,0.634,9.064169435805196
Cambodia,2008,68.4,10.7,6.4,8765.2,0.636,9.078544615121249
Cambodia,2009,68.4,10.7,6.4,8892.0,0.637,9.092907275084087
Cambodia,2010,68.6,10.8,6.5,9032.5,0.641,9.108584463021796
Cambodia,2011,68.6,10.9,6.6,9162.4,0.643,9.122863432083506
Cambodia,2012,68.8,11.0,6.6,9452.0,0.647,9.1539816383068
Cambodia,2013,68.9,11.1,6.7,9452.0,0.65,9.1539816383068
Cambodia,2014,68.8,11.0,6.7,9572.4,0.649,9.166639236705084
Cambodia,2015,69.1,11.2,6.8,9739.1,0.655,9.183903989903145
Cambodia,2016,69.3,11.3,6.9,9897.5,0.659,9.200037478980287
Cambodia,2017,69.3,11.3,6.9,10032.4,0.66,9.213575134486112
Cambodia,2018,69.3,11.4,7.0,10181.8,0.663,9.22835709176298
Cambodia,2019,69.4,11.4,7.0,10328.8,0.664,9.242691388860509
Cambodia,2020,69.4,11.5,7.1,10480.5,0.666,9.257271666660616
Cambodia,2021,69.8,11.7,7.2,10666.3,0.673,9.27484451752292
Cambodia,2022,69.8,11.7,7.2,10817.6,0.674,9.288929716336414
Myanmar,2003,68.7,11.3,6.4,10585.5,0.653,9.267240419108994
Myanmar,2004,69.0,11.4,6.5,11003.5,0.658,9.30596868298959
Myanmar,2005,69.4,11.5,6.5,11445.9,0.664,9.345386866254314
Myanmar,2006,69.6,11.5,6.6,11883.1,0.667,9.382872501637937
Myanmar,2007,71.3,11.5,6.6,12333.0,0.669,9.420033875565988
Myanmar,2008,69.9,11.5,6.6,12806.4,0.673,9.457700324949359
Myanmar,2009,70.1,11.5,6.6,13292.0,0.675,9.494917629474484
Myanmar,2010,70.5,11.6,6.7,13823.9,0.681,9.534154257221376
Myanmar,2011,70.8,11.7,6.7,14366.7,0.686,9.572668307606653
Myanmar,2012,71.0,11.7,6.8,14917.5,0.689,9.610290299396237
Myanmar,2013,71.3,11.8,6.8,15506.4,0.694,9.649008120912065
Myanmar,2014,71.6,11.9,6.9,16111.4,0.699,9.687282374940215
Myanmar,2015,71.9,11.9,6.9,16734.7,0.702,9.7252396869834
Myanmar,2016,72.1,11.9,6.9,17381.1,0.706,9.763138687955824
Myanmar,2017,72.4,12.0,7.0,18065.3,0.711,9.801748250141886
Myanmar,2018,72.7,12.1,7.0,18770.3,0.715,9.840031112404347
Myanmar,2019,72.8,12.1,7.0,19484.5,0.717,9.877374556678875
Myanmar,2020,73.3,12.2,7.1,20267.4,0.725,9.916768962842042
Myanmar,2021,73.5,12.2,7.1,21039.7,0.727,9.954166408194858
Myanmar,2022,73.7,12.3,7.2,21858.9,0.731,9.992363440244846
Angola,2003,58.0,9.7,4.6,3134.3,0.505,8.050161142648662
Angola,2004,58.0,11.05,4.7,4344.6,0.509,8.37668897362283
Angola,2005,58.1,9.9,4.8,3327.6,0.513,8.110006602409733
Angola,2006,58.3,10.1,5.0,3448.9,0.52,8.14581061860523
Angola,2007,58.8,10.4,5.8,3596.5,0.53,8.187716429307411
Angola,2008,58.6,10.4,5.2,3683.0,0.53,8.211482916445066
Angola,2009,58.5,10.4,5.3,3790.3,0.533,8.24020045061665
Angola,2010,58.9,10.7,5.4,3943.3,0.542,8.27977321518322
Angola,2011,59.1,10.9,5.6,4074.8,0.547,8.31257694471591
Angola,2012,59.2,11.0,5.7,4213.7,0.553,8.346096400562711
Angola,2013,59.3,11.1,5.8,4344.6,0.557,8.37668897362283
Angola,2014,59.4,11.3,5.9,4492.0,0.562,8.410053315858335
Angola,2015,59.7,11.5,6.0,4650.4,0.569,8.444708516387141
Angola,2016,59.5,11.5,6.1,4777.8,0.57,8.471735468491454
Angola,2017,59.6,11.6,6.2,4934.2,0.575,8.503945831330608
Angola,2018,59.7,11.05,6.3,5096.4,0.58,8.536289687107226
Angola,2019,60.0,11.9,6.4,5273.7,0.586,8.570487482473956
Angola,2020,60.3,12.2,6.6,5465.3,0.593,8.606174293888971
Angola,2021,60.3,12.2,6.7,5636.7,0.597,8.637054066867586
Angola,2022,60.4,12.4,6.8,5822.7,0.602,8.669519350674792
Benin,2003,60.5,9.8,4.0,1535.0,0.471,7.336285660021297
Benin,2004,60.7,10.8,4.85,1581.0,0.476,7.365812837209472
Benin,2005,60.7,9.9,4.2,1605.3,0.477,7.381065933985369
Benin,2006,60.9,10.0,4.3,1659.8,0.482,7.414452392164348
Benin,2007,61.0,10.1,4.3,1702.1,0.486,7.439618061813928
Benin,2008,61.3,10.2,4.4,1761.6,0.492,7.4739777659684155
Benin,2009,61.4,10.4,4.5,1812.8,0.497,7.502627890273742
Benin,2010,61.7,10.5,4.6,1877.3,0.503,7.537589853330316
Benin,2011,62.0,10.7,4.7,1937.9,0.508,7.569360191532204
Benin,2012,62.1,10.8,4.8,1995.6,0.513,7.598700035986882
Benin,2013,62.1,10.8,4.9,2034.6,0.515,7.6180545183596475
Benin,2014,62.3,10.9,5.0,2098.5,0.52,7.648978082773645
Benin,2015,62.4,10.9,5.0,2145.8,0.522,7.6712677222026455
Benin,2016,62.6,11.1,5.1,2218.5,0.528,7.7045865708189645
Benin,2017,63.0,11.3,5.3,2302.0,0.535,7.741533589281828
Benin,2018,63.2,11.4,4.85,2376.3,0.541,7.773299935138343
Benin,2019,63.1,11.4,5.4,2417.5,0.541,7.790489227327449
Benin,2020,63.3,11.6,5.5,2495.7,0.547,7.822324529957951
Benin,2021,63.6,11.7,5.6,2575.3,0.552,7.853721311166042
Benin,2022,63.8,11.8,5.7,2654.5,0.557,7.884011592023726
Burundi,2003,58.5,6.9,4.2,668.9,0.383,6.505634572124363
Burundi,2004,58.8,7.1,4.3,695.0,0.39,6.543911845564792
Burundi,2005,59.0,7.1,4.3,897.2,0.391,6.799278802646053
Burundi,2006,59.4,7.2,4.4,734.2,0.399,6.598781471062734
Burundi,2007,59.7,7.800000000000001,4.5,757.3,0.404,6.629759476119777
Burundi,2008,60.1,7.4,4.6,781.4,0.409,6.66108718262097
Burundi,2009,60.4,7.5,4.6,803.1,0.414,6.688479239194416
Burundi,2010,60.7,7.7,4.7,831.8,0.42,6.723592027308811
Burundi,2011,60.8,7.6,4.7,830.1,0.42,6.72154617546099
Burundi,2012,61.1,7.7,4.8,854.0,0.425,6.74993119378857
Burundi,2013,61.6,7.9,4.9,898.2,0.433,6.800392760653637
Burundi,2014,61.6,7.800000000000001,4.9,897.2,0.433,6.799278802646053
Burundi,2015,62.1,8.1,5.1,944.8,0.442,6.8509732648831525
Burundi,2016,62.3,8.1,5.1,957.2,0.444,6.864012356034218
Burundi,2017,62.8,8.3,5.2,1011.5,0.454,6.9191896566078
Burundi,2018,63.0,8.3,5.3,1025.8,0.456,6.933228074955168
Burundi,2019,63.2,8.4,5.3,1049.4,0.459,6.955973851252612
Burundi,2020,63.7,8.6,5.4,1092.9,0.467,6.996589992682628
Burundi,2021,63.7,8.5,5.4,1099.9,0.467,7.002974545563071
Burundi,2022,64.0,8.6,5.5,1132.5,0.472,7.032182857357189
Chad,2003,53.0,6.6,3.7,1373.0,0.395,7.224753405767971
Chad,2004,53.4,6.8,3.8,1440.3,0.402,7.272606704205004
Chad,2005,53.8,7.0,3.9,1515.0,0.41,7.323170717943469
Chad,2006,53.7,6.9,3.9,1543.5,0.41,7.341807843942214
Chad,2007,53.7,6.9,3.9,1588.2,0.412,7.37035657846111
Chad,2008,54.2,7.1,4.0,1673.9,0.42,7.422911512108574
Chad,2009,54.5,7.3,4.1,1753.4,0.427,7.469312039154485
Chad,2010,54.8,7.4,4.3,1830.2,0.433,7.512180529481278
Chad,2011,54.7,7.3,4.2,1869.2,0.433,7.533265810826271
Chad,2012,55.1,7.5,4.3,1960.2,0.44,7.580801787835079
Chad,2013,55.2,7.5,4.4,2027.1,0.444,7.614361479226239
Chad,2014,55.5,7.45,4.4,2110.3,0.449,7.654585396458267
Chad,2015,55.9,7.9,4.6,2220.5,0.458,7.705487674732157
Chad,2016,55.7,7.7,4.5,2264.9,0.456,7.725285886832114
Chad,2017,56.1,7.9,4.7,2371.8,0.464,7.771404439530695
Chad,2018,56.4,8.0,4.7,2466.7,0.469,7.810636503946358
Chad,2020,56.7,8.1,4.9,2659.6,0.477,7.8859310145283
Chad,2021,57.0,8.2,4.3,2765.8,0.482,7.925085203030558
Chad,2022,57.1,8.3,5.0,2867.0,0.486,7.96102146588337
Eritrea,2003,52.4,9.3,3.5,3143.4,0.459,8.05306029564223
Eritrea,2004,52.5,9.4,3.6,3268.8,0.464,8.092178224063357
Eritrea,2005,52.7,9.5,3.6,3393.5,0.468,8.129617116143812
Eritrea,2006,52.9,9.6,3.7,3532.3,0.474,8.169704495829192
Eritrea,2007,52.7,9.6,3.7,3643.3,0.475,8.200645143329789
Eritrea,2008,52.9,9.7,3.8,3790.5,0.48,8.24025321549636
Eritrea,2009,53.2,9.9,3.9,3952.0,0.487,8.281977058867758
Eritrea,2010,53.2,9.9,4.0,4090.7,0.489,8.316471383536758
Eritrea,2011,53.4,10.1,4.1,4258.5,0.495,8.356672264581135
Eritrea,2012,53.3,10.3,4.1,4396.2,0.495,8.388495810393973
Eritrea,2013,53.9,10.4,4.3,4618.2,0.507,8.437760297768326
Eritrea,2014,53.8,10.3,4.3,4765.5,0.507,8.46915774237768
Eritrea,2015,54.0,10.5,4.4,4964.2,0.514,8.510007435601512
Eritrea,2016,54.0,10.5,4.5,5140.1,0.516,8.544827813512878
Eritrea,2017,54.2,10.6,4.6,5346.2,0.521,8.584141307147608
Eritrea,2018,54.5,10.8,4.7,5563.1,0.527,8.623910785826006
Eritrea,2019,54.6,10.9,4.7,5774.0,0.531,8.661120360222881
Eritrea,2020,54.6,10.9,4.8,5982.8,0.533,8.69664396478517
Eritrea,2021,54.7,11.0,4.8,6214.5,0.538,8.734640550185567
Eritrea,2022,54.9,11.2,5.0,6465.8,0.544,8.774282026783187
Ethiopia,2003,56.5,8.7,5.7,647.7,0.409,6.4734276261888715
Ethiopia,2004,56.9,8.8,5.9,677.2,0.416,6.51796665025898
Ethiopia,2005,57.0,8.9,5.9,681.5,0.418,6.524296251136588
Ethiopia,2006,57.2,9.0,6.0,696.0,0.423,6.54534966033442
Ethiopia,2007,57.5,9.2,6.7,722.7,0.429,6.582994198288936
Ethiopia,2008,57.9,9.3,6.3,757.2,0.437,6.629627419335168
Ethiopia,2009,58.1,9.5,6.4,778.2,0.442,6.6569835605504535
Ethiopia,2010,58.3,9.6,6.4,794.5,0.446,6.677712985976771
Ethiopia,2011,58.6,9.7,6.5,817.9,0.451,6.7067400797409285
Ethiopia,2012,58.8,9.8,6.6,837.6,0.456,6.730540659556327
Ethiopia,2013,58.9,9.9,6.7,848.5,0.458,6.743470084674281
Ethiopia,2014,59.3,10.1,6.8,882.2,0.465,6.7824187876708395
Ethiopia,2015,59.5,10.2,6.9,909.5,0.471,6.8128949979581765
Ethiopia,2016,59.8,10.3,7.0,933.3,0.476,6.838726692571701
Ethiopia,2017,60.1,10.5,7.1,962.6,0.481,6.869637956869009
Ethiopia,2018,60.2,10.6,7.2,983.4,0.485,6.891015954977839
Ethiopia,2019,60.5,10.7,7.3,1006.1,0.489,6.913836749298005
Ethiopia,2020,60.8,10.8,7.4,1040.3,0.496,6.94726441207685
Ethiopia,2021,60.9,10.9,7.5,1057.0,0.498,6.963189985870238
Ethiopia,2022,61.0,11.0,7.6,1076.9,0.502,6.981841822334835
Gambia,2003,51.9,7.9,3.9,791.7,0.377,6.674182532177388
Gambia,2004,52.0,8.1,4.0,816.3,0.383,6.70478193445731
Gambia,2005,52.1,8.2,4.1,824.8,0.385,6.7151409327027505
Gambia,2006,52.2,8.3,5.0,846.9,0.39,6.741582623927553
Gambia,2007,52.5,8.5,4.4,883.8,0.398,6.78423079269664
Gambia,2008,53.0,8.6,4.4,889.9,0.4,6.791109096862817
Gambia,2009,52.6,8.7,4.5,909.2,0.404,6.812565091978388
Gambia,2010,52.7,8.8,4.7,933.4,0.408,6.838833833515715
Gambia,2011,52.8,9.0,4.8,953.1,0.412,6.85971982994358
Gambia,2012,52.9,9.1,5.0,970.2,0.416,6.877502235811116
Gambia,2013,53.0,9.2,4.9,990.5,0.419,6.898209866138606
Gambia,2014,53.1,9.3,5.1,1016.6,0.424,6.9242190050128025
Gambia,2015,53.4,9.5,5.2,1057.3,0.431,6.96347376773848
Gambia,2016,53.4,9.6,5.3,1067.1,0.433,6.972699967622519
Gambia,2017,53.5,9.8,5.4,1097.3,0.438,7.000607895996754
Gambia,2018,53.8,9.9,5.5,1132.0,0.444,7.0317412587631285
Gambia,2019,53.8,10.0,5.6,970.2,0.446,6.877502235811116
Gambia,2020,54.0,10.2,5.7,1185.3,0.452,7.077751186085455
Gambia,2021,53.9,10.2,5.8,1191.5,0.453,7.082968296538797
Gambia,2022,54.2,10.4,5.9,1234.2,0.459,7.118178265886966
Guinea,2003,57.7,9.8,4.5,1607.5,0.469,7.382435456111774
Guinea,2004,58.2,10.1,4.7,1690.6,0.479,7.432838774494828
Guinea,2005,58.5,10.3,4.9,1759.4,0.486,7.472728120818574
Guinea,2006,58.5,10.4,5.0,1808.1,0.49,7.500031849157108
Guinea,2007,58.6,10.5,5.1,1853.9,0.494,7.525046807238547
Guinea,2008,58.6,10.6,5.2,1904.6,0.498,7.552027291759946
Guinea,2009,58.9,10.8,5.3,1977.2,0.505,7.589436981432804
Guinea,2010,58.8,10.8,5.4,2020.8,0.507,7.611248751596227
Guinea,2011,59.1,11.1,5.5,2098.6,0.514,7.649025734723811
Guinea,2012,59.2,11.2,5.6,2164.3,0.519,7.679852262520484
Guinea,2013,59.4,11.4,5.7,2237.2,0.525,7.712980362947433
Guinea,2014,59.7,11.6,5.9,2323.6,0.532,7.750872986118377
Guinea,2015,59.6,11.6,6.0,2371.6,0.533,7.771320111833212
Guinea,2016,59.6,11.7,6.0,2436.4,0.537,7.7982768189623295
Guinea,2017,59.8,11.9,6.2,2517.4,0.542,7.830981901857404
Guinea,2018,59.7,11.9,6.2,2578.5,0.545,7.854963113491014
Guinea,2019,60.0,12.1,6.4,2670.2,0.551,7.8899086549559945
Guinea,2020,60.1,12.3,6.5,2756.6,0.556,7.9217533152603385
Guinea,2021,60.2,12.4,6.6,2841.6,0.561,7.952122552797851
Guinea,2022,60.4,12.6,6.7,2937.2,0.567,7.9852120255774555
Haiti,2003,59.1,7.6,2.5,2073.7,0.432,7.637089730303795
Haiti,2004,59.5,7.8,2.6,2127.2,0.44,7.66256183992881
Haiti,2005,59.5,7.8,2.7,2147.4,0.442,7.672013087000035
Haiti,2006,60.8,7.9,2.8,2177.2,0.446,7.685794926560045
Haiti,2007,59.9,8.1,2.9,2365.8,0.453,7.768871510111636
Haiti,2008,60.0,8.2,3.0,2251.3,0.455,7.719263106126928
Haiti,2009,60.3,8.4,3.1,2302.9,0.462,7.741924477253971
Haiti,2010,60.3,8.4,3.2,2323.1,0.464,7.750657779626919
Haiti,2011,60.5,8.6,3.3,2365.8,0.469,7.768871510111636
Haiti,2012,60.7,8.7,3.4,2365.8,0.475,7.768871510111636
Haiti,2013,60.8,8.8,3.5,2442.3,0.478,7.800695497248042
Haiti,2014,61.0,9.0,3.6,2491.7,0.483,7.820720487427715
Haiti,2015,61.1,9.1,3.7,2523.6,0.486,7.833441732496654
Haiti,2016,61.5,9.3,3.8,2584.9,0.494,7.857442101474721
Haiti,2017,61.6,9.4,3.9,2622.3,0.498,7.871807074254552
Haiti,2018,61.4,9.4,3.9,2635.5,0.497,7.8768281962952615
Haiti,2019,61.8,9.6,4.1,2696.8,0.504,7.899821163919851
Haiti,2020,61.8,9.6,4.1,2365.8,0.506,7.768871510111636
Haiti,2021,62.0,9.8,4.2,2365.8,0.512,7.768871510111636
Haiti,2022,62.2,9.9,4.3,2365.8,0.516,7.768871510111636
Lesotho,2003,59.4,9.8,5.0,1463.0,0.475,7.288244401020124
Lesotho,2004,59.6,9.9,5.0,1485.7,0.479,7.303641320643307
Lesotho,2005,59.9,10.1,5.1,1516.5,0.484,7.324160327128636
Lesotho,2006,60.2,10.2,5.2,1549.2,0.49,7.345493947640597
Lesotho,2007,60.3,10.2,5.3,1556.0,0.491,7.349873704738337
Lesotho,2008,60.4,10.3,5.4,1575.1,0.494,7.3620740413076895
Lesotho,2009,60.9,10.5,5.5,1620.8,0.501,7.390675133494419
Lesotho,2010,61.0,10.6,5.6,1642.8,0.504,7.404157382082404
Lesotho,2011,61.4,10.7,5.7,1679.1,0.509,7.426013214565423
Lesotho,2012,61.7,10.9,5.9,1712.4,0.514,7.445651174270791
Lesotho,2013,61.9,10.9,5.9,1739.5,0.518,7.461352994591997
Lesotho,2014,62.3,11.2,6.0,1789.3,0.525,7.489579760897816
Lesotho,2015,62.5,11.2,6.1,1809.4,0.528,7.500750577591641
Lesotho,2016,62.7,11.3,6.2,1841.0,0.532,7.518064181233078
Lesotho,2017,61.7,11.5,6.3,1876.6,0.537,7.537216907855949
Lesotho,2018,63.1,11.5,6.3,1892.0,0.538,7.545389749611823
Lesotho,2019,63.6,11.7,6.4,1947.3,0.546,7.574199076707533
Lesotho,2020,63.7,11.8,6.5,1970.3,0.548,7.585941094401922
Lesotho,2021,64.1,11.9,6.6,2012.5,0.554,7.607133009292719
Lesotho,2022,64.1,11.9,6.7,2030.5,0.555,7.616037347126352
Madagascar,2003,57.8,7.6,3.0,2505.2,0.445,7.826123850651258
Madagascar,2004,57.8,7.6,3.1,2565.5,0.447,7.849908670382019
Madagascar,2005,58.0,7.8,3.2,2661.1,0.453,7.886494850128781
Madagascar,2007,58.2,7.9,3.3,2831.4,0.462,7.948526567960397
Madagascar,2008,58.4,8.0,3.4,2921.1,0.466,7.9797155366528205
Madagascar,2009,58.5,8.1,3.5,3016.0,0.471,8.011686729127847
Madagascar,2010,58.8,8.3,3.6,3503.8999999999996,0.479,8.161631912836256
Madagascar,2011,59.2,8.4,3.7,3224.6,0.481,8.07856419052964
Madagascar,2012,59.0,8.5,3.8,3336.9,0.487,8.112797511266093
Madagascar,2013,59.3,8.7,3.9,3458.1,0.493,8.148474584275077
Madagascar,2014,59.2,8.7,3.9,3549.7,0.494,8.174618371856287
Madagascar,2015,59.7,8.9,4.1,3703.6,0.504,8.217060598573893
Madagascar,2016,59.6,8.9,4.1,3795.4,0.505,8.241545086119878
Madagascar,2017,59.2,9.1,4.3,3946.5,0.513,8.280584389148457
Madagascar,2018,60.1,9.3,4.4,4079.5,0.518,8.313729710868856
Madagascar,2019,60.3,9.4,3.8499999999999996,4221.3,0.524,8.34789841646232
Madagascar,2020,60.5,9.5,4.5,4356.6,0.528,8.379447215614256
Madagascar,2021,60.8,9.7,4.7,4523.0,0.536,8.416930769477844
Madagascar,2022,60.8,9.7,4.7,4655.6,0.538,8.44582607506782
Malawi,2003,54.5,9.2,5.2,2118.5,0.472,7.658463570066614
Malawi,2004,54.6,9.3,5.3,2200.9,0.476,7.696621646600627
Malawi,2005,54.6,9.3,5.6,2277.9,0.478,7.731009244887297
Malawi,2006,54.7,9.3,5.3,2365.6,0.481,7.768786968538268
Malawi,2007,54.9,9.4,5.4,2465.8,0.486,7.810271577434452
Malawi,2008,55.2,9.5,5.5,2577.4,0.492,7.854536417854291
Malawi,2009,55.1,9.5,5.4,2650.4,0.491,7.882465850985686
Malawi,2010,55.2,9.5,5.5,2753.1,0.494,7.9204828284930775
Malawi,2011,55.4,9.6,5.5,2878.4,0.5,7.964989863196268
Malawi,2012,55.6,9.7,5.6,2990.6,0.504,8.003229315149744
Malawi,2013,55.7,9.7,5.6,3109.7,0.507,8.042281537497916
Malawi,2014,55.8,9.8,5.7,3232.8,0.511,8.081103913764265
Malawi,2015,55.9,9.8,5.7,3355.4,0.514,8.1183262673363
Malawi,2016,56.2,10.0,5.8,3504.9,0.52,8.161917268391212
Malawi,2017,56.0,9.9,5.7,3611.5,0.519,8.191878477490901
Malawi,2018,56.2,9.9,5.8,3762.1,0.523,8.23273259111322
Malawi,2019,56.4,10.0,5.9,3917.9,0.528,8.273311074952627
Malawi,2020,56.4,10.0,5.9,4056.9,0.529,8.308174414147423
Malawi,2021,56.7,10.1,5.9,4232.1,0.535,8.350453602748566
Malawi,2022,57.0,10.3,6.0,4417.3,0.541,8.393283928692417
Mali,2003,51.6,9.8,5.8,2875.0,0.486,7.963807953231451
Mali,2004,51.8,10.0,5.9,2985.0,0.492,8.001355025826703
Mali,2005,52.0,10.1,6.0,3103.9,0.497,8.040414664289301
Mali,2006,52.2,10.3,6.1,3228.3,0.503,8.079710961874456
Mali,2007,52.5,10.5,6.3,3366.3,0.51,8.12156949733893
Mali,2008,52.6,10.5,6.4,3486.8,0.514,8.15673968913742
Mali,2009,52.9,10.7,6.5,3639.8,0.522,8.199684014066307
Mali,2010,53.2,10.9,6.7,3794.6,0.529,8.241334282430033
Mali,2011,53.3,11.0,6.7,3934.1,0.533,8.277437418046373
Mali,2012,53.5,11.2,6.8,4083.6,0.537,8.31473423129486
Mali,2013,53.5,11.3,6.9,4236.9,0.542,8.351587148743128
Mali,2014,54.1,11.5,7.1,4434.7,0.551,8.397215248712785
Mali,2015,54.0,11.5,7.2,4583.0,0.553,8.430109084509125
Mali,2016,54.4,11.8,7.3,4786.0,0.562,8.47345026846832
Mali,2017,54.6,11.9,7.5,4974.0,0.567,8.51197962436335
Mali,2018,54.7,11.2,7.5,5162.9,0.571,8.54925371610792
Mali,2019,55.0,12.2,7.7,5368.1,0.577,8.588229307390073
Mali,2020,55.0,12.2,7.7,5566.0,0.58,8.624431942085836
Mali,2021,55.4,12.5,7.9,5809.8,0.589,8.66730142584554
Mali,2022,55.7,12.7,8.0,6043.7,0.595,8.706771686158076
Mozambique,2003,51.5,6.9,2.5,2413.6,0.401,7.788874687844851
Mozambique,2004,51.8,7.2,2.6,2495.2,0.409,7.822124165293594
Mozambique,2005,52.1,7.4,2.8,2578.9,0.417,7.855118230410703
Mozambique,2006,52.1,7.5,2.9,2625.7,0.419,7.873102806143155
Mozambique,2007,52.2,7.6,3.0,2692.5,0.424,7.898225409030544
Mozambique,2008,52.3,7.7,3.1,2761.4,0.429,7.923493076482052
Mozambique,2009,52.4,7.9,3.2,2835.6,0.435,7.9500088339808626
Mozambique,2010,52.7,8.1,3.4,2925.4,0.443,7.981186502452988
Mozambique,2011,52.5,8.1,3.4,2965.9,0.442,7.994935806687827
Mozambique,2012,53.0,8.4,3.6,3081.6,0.453,8.033204221603807
Mozambique,2013,52.8,8.4,3.7,3132.3,0.454,8.049522837964174
Mozambique,2014,53.1,8.6,3.8,3226.3,0.46,8.079091248781776
Mozambique,2015,53.2,8.4,3.9,3309.2,0.465,8.104461747316028
Mozambique,2016,53.4,8.9,4.1,3406.2,0.472,8.133352579404736
Mozambique,2017,53.3,9.0,4.1,3473.4,0.474,8.152889220313014
Mozambique,2018,53.6,9.2,4.3,3585.4,0.482,8.184625322820738
Mozambique,2019,53.9,9.4,4.4,3694.8,0.489,8.214681704718455
Mozambique,2020,53.7,9.4,4.5,3757.2,0.489,8.23142927812036
Mozambique,2021,54.0,9.6,3.6,3871.5,0.496,8.261397307826778
Mozambique,2022,54.0,9.8,4.7,3964.3,0.5,8.285084573716379
Niger,2003,61.8,7.2,5.3,3232.1,0.502,8.080887359756396
Niger,2004,62.0,7.2,5.3,3345.2,0.506,8.11528176150737
Niger,2005,62.3,7.3,5.4,3477.6,0.512,8.154097679674582
Niger,2006,62.8,7.5,5.5,3630.1,0.52,8.197015475088818
Niger,2007,63.1,7.6,5.6,3775.5,0.526,8.23628810324348
Niger,2009,63.6,7.8,5.8,4059.9,0.535,8.30891362175057
Niger,2010,63.7,7.8,5.8,4202.1,0.538,8.343339679313111
Niger,2011,64.1,8.0,5.9,4376.7,0.546,8.38405029474596
Niger,2012,64.6,8.2,6.0,4561.3,0.553,8.425362949597949
Niger,2013,64.8,8.2,6.1,4727.3,0.557,8.461109493979322
Niger,2014,65.0,8.3,6.05,4901.2,0.562,8.497235352075291
Niger,2015,65.4,8.4,6.3,5098.8,0.568,8.536760496908766
Niger,2016,65.5,8.4,6.3,5276.4,0.571,8.570999325974764
Niger,2017,65.8,8.6,6.4,5486.2,0.577,8.60999112726759
Niger,2018,66.1,8.6,6.5,5694.4,0.582,8.647238514755928
Niger,2019,66.5,8.8,6.6,5930.1,0.59,8.687796355255994
Niger,2020,66.8,8.9,6.7,6161.2,0.596,8.726026842750302
Niger,2021,67.0,9.0,6.7,6390.0,0.6,8.762489547371581
Niger,2022,67.3,9.1,6.8,6629.5,0.604,8.799284665554774
Rwanda,2003,51.3,8.2,4.8,937.2,0.398,6.842896706633641
Rwanda,2004,51.6,8.4,5.0,977.8,0.406,6.8853051501445455
Rwanda,2005,51.8,8.5,5.1,1000.3,0.411,6.908055233991135
Rwanda,2006,51.8,8.6,5.1,1002.0,0.412,6.90975328164481
Rwanda,2007,51.9,8.7,5.2,1011.7,0.414,6.919387363211845
Rwanda,2008,52.3,8.9,5.4,1063.3,0.424,6.969132558657041
Rwanda,2009,52.3,9.0,5.5,1069.8,0.426,6.97522699409715
Rwanda,2010,52.7,9.2,5.6,1108.5,0.433,7.010763029056366
Rwanda,2011,52.6,9.2,5.7,1105.4,0.433,7.007962539399163
Rwanda,2012,53.0,9.5,5.9,1159.0,0.442,7.055312843339752
Rwanda,2013,53.0,9.5,5.9,1163.5,0.443,7.059187982742347
Rwanda,2014,53.4,9.8,6.1,1209.1,0.451,7.097631560180201
Rwanda,2015,53.5,9.9,6.2,1228.6,0.454,7.113630588729827
Rwanda,2016,53.6,10.0,6.3,1246.2,0.457,7.1278542001101215
Rwanda,2017,53.8,10.2,6.4,1279.6,0.463,7.154302808075363
Rwanda,2018,54.1,10.3,6.5,1319.0,0.469,7.1846291527173145
Rwanda,2019,54.2,10.5,6.6,1342.4,0.473,7.202214335712942
Rwanda,2020,54.4,10.6,6.8,1377.0,0.478,7.227662498728654
Rwanda,2021,54.8,10.8,6.9,1421.4,0.485,7.259397580392795
Rwanda,2022,54.6,10.8,6.9,1417.1,0.484,7.2563678088308246
Senegal,2003,56.8,9.2,3.5,1638.0,0.447,7.401231264413015
Senegal,2004,56.9,9.3,3.6,1680.4,0.45,7.426787139295227
Senegal,2005,57.2,9.4,3.7,1743.8,0.457,7.463821918993714
Senegal,2006,57.2,9.4,3.7,1778.0,0.458,7.48324441607385
Senegal,2007,57.9,9.7,3.9,1884.5,0.47,7.5414178127071905
Senegal,2008,58.0,9.8,4.0,1937.4,0.473,7.569102146992285
Senegal,2009,58.4,10.0,4.1,2018.0,0.481,7.609862200913554
Senegal,2010,58.6,10.1,4.2,2088.8,0.486,7.644345017384919
Senegal,2011,59.0,10.3,4.4,2173.8,0.493,7.684232067129087
Senegal,2012,59.3,10.4,4.5,2263.3,0.501,7.72457920423568
Senegal,2013,59.6,10.4,4.6,2343.3,0.506,7.759315471284362
Senegal,2014,59.9,10.7,4.7,2437.8,0.513,7.798851272221736
Senegal,2015,60.3,10.9,4.9,2534.2,0.52,7.8376332843648076
Senegal,2016,60.4,10.9,4.9,2612.0,0.524,7.867871490396322
Senegal,2017,60.7,11.1,5.0,2708.6,0.529,7.904187175221271
Senegal,2018,61.1,11.3,5.2,2824.3,0.538,7.9460158252654995
Senegal,2019,61.4,11.4,5.3,2930.3,0.544,7.982860085848207
Senegal,2020,61.7,11.6,5.4,3036.4,0.549,8.018427882142614
Senegal,2021,59.3,11.6,5.5,3132.6,0.553,8.049618609644561
Senegal,2022,62.2,11.8,5.6,3263.7,0.561,8.090616800095146
Sierra Leone,2003,60.6,8.4,3.5,1826.4,0.457,7.5101020952155855
Sierra Leone,2004,60.8,8.5,3.6,1862.7,0.462,7.529782327038957
Sierra Leone,2005,60.8,8.6,3.7,1881.2,0.465,7.539665150070893
Sierra Leone,2006,60.9,8.7,3.8,1911.4,0.469,7.555591236832079
Sierra Leone,2007,61.2,8.9,3.9,2133.0,0.476,7.665284718471351
Sierra Leone,2008,61.1,9.0,4.0,1972.5,0.477,7.587057052720029
Sierra Leone,2009,61.5,9.2,4.1,2022.3,0.484,7.6119907565275025
Sierra Leone,2010,61.6,9.3,4.2,2052.4,0.488,7.62676511906781
Sierra Leone,2011,61.5,9.3,4.3,2063.1,0.489,7.6319649849939
Sierra Leone,2012,61.7,9.5,4.4,2106.8,0.495,7.6529254876092345
Sierra Leone,2013,62.0,9.7,4.5,2159.2,0.502,7.677493061703795
Sierra Leone,2014,61.9,9.7,4.6,2171.6,0.502,7.683219502031296
Sierra Leone,2015,62.1,9.9,4.7,2133.0,0.507,7.665284718471351
Sierra Leone,2016,62.3,10.1,4.8,2256.2,0.513,7.72143726117082
Sierra Leone,2017,62.5,10.2,4.9,2295.3,0.517,7.738618832905916
Sierra Leone,2018,62.5,10.3,5.0,2321.4,0.52,7.749925730934522
Sierra Leone,2019,62.6,10.4,5.1,2355.0,0.523,7.764296006450518
Sierra Leone,2020,62.9,10.6,5.2,2412.8,0.53,7.788543177813637
Sierra Leone,2021,63.1,10.8,4.4,2454.2,0.535,7.805556121542447
Sierra Leone,2022,63.1,10.8,5.4,2485.4,0.538,7.818188891371895
Sudan,2003,51.7,8.3,4.9,1069.3,0.41,6.974759507762611
Sudan,2004,52.2,8.6,5.1,1130.6,0.42,7.03050374424119
Sudan,2005,52.4,8.7,5.2,1171.1,0.426,7.065698757048091
Sudan,2006,52.6,8.9,5.4,1209.6,0.431,7.098045005425268
Sudan,2007,52.7,9.0,5.4,1243.3,0.436,7.125524413958892
Sudan,2008,52.9,9.1,5.5,1276.3,0.44,7.151720545988645
Sudan,2009,52.9,9.2,5.6,1307.2,0.443,7.175642724105739
Sudan,2010,53.4,9.4,5.8,1377.8,0.453,7.228243303159095
Sudan,2011,53.7,9.6,5.9,1434.5,0.46,7.268571635421419
Sudan,2012,53.9,9.8,6.1,1482.8,0.465,7.301687471276577
Sudan,2013,54.1,9.9,6.2,1531.8,0.47,7.334198793475493
Sudan,2014,54.2,10.0,6.3,1575.5,0.474,7.362327961197329
Sudan,2015,54.6,9.8,6.4,1641.6,0.482,7.4034266549764505
Sudan,2016,54.8,10.3,6.5,1696.2,0.487,7.436145733927599
Sudan,2017,54.9,10.4,6.6,1741.0,0.49,7.462214939768189
Sudan,2018,55.2,10.6,6.7,1812.2,0.497,7.50229685578796
Sudan,2019,55.3,10.7,6.8,1862.4,0.501,7.529621257537118
Sudan,2020,55.6,10.9,7.0,1937.6,0.508,7.5692053727988275
Sudan,2021,55.6,11.0,7.0,1985.9,0.511,7.593827490870119
Sudan,2022,55.9,11.1,7.2,2055.7,0.517,7.628371701531627
Togo,2003,61.7,9.4,4.9,2697.5,0.514,7.90008069713229
Togo,2004,62.0,9.6,5.0,2783.3,0.52,7.931392553057174
Togo,2005,62.4,9.7,5.1,2875.1,0.527,7.963842735235246
Togo,2006,62.7,9.8,5.2,2959.9,0.532,7.992910762963637
Togo,2007,62.9,9.9,5.3,3034.3,0.535,8.017736034387408
Togo,2008,63.2,10.0,5.4,3124.7,0.54,8.047093557562206
Togo,2009,63.3,10.0,5.4,3201.0,0.543,8.071218539969863
Togo,2010,63.8,10.2,5.5,3306.1,0.549,8.103524525957384
Togo,2011,64.2,10.3,5.6,3414.7,0.556,8.135844920415453
Togo,2012,64.4,10.4,5.7,3510.5,0.56,8.163513756457304
Togo,2013,64.7,10.5,5.8,3611.6,0.565,8.191906166433323
Togo,2014,65.0,10.6,5.8,3711.9,0.569,8.21929915388804
Togo,2015,65.2,10.7,5.9,3819.3,0.574,8.24782243873571
Togo,2016,65.5,10.8,6.0,3462.6,0.578,8.149775030944976
Togo,2017,65.9,10.9,6.1,4051.3,0.585,8.30679309624939
Togo,2018,66.1,11.0,6.2,4166.0,0.589,8.334711621820917
Togo,2019,66.4,11.1,6.2,3462.6,0.594,8.149775030944976
Togo,2020,66.6,11.2,6.3,4401.9,0.597,8.38979154488153
Togo,2021,66.8,11.2,6.3,4513.6,0.6,8.414850340247732
Togo,2022,67.4,11.4,6.5,4677.9,0.609,8.45060457025895
Uganda,2003,52.4,9.5,3.0,1491.9,0.42,7.307805754388802
Uganda,2004,52.8,9.7,3.2,1539.4,0.427,7.339148009100217
Uganda,2005,53.1,9.8,3.3,1576.9,0.433,7.3632161734115416
Uganda,2006,53.5,10.0,3.4,1620.0,0.439,7.3901814282264295
Uganda,2007,53.6,10.0,3.4,1637.0,0.44,7.400620577371135
Uganda,2008,53.8,10.1,3.5,1666.3,0.444,7.418360878544577
Uganda,2009,54.0,10.2,3.6,1699.9,0.448,7.4383247047847245
Uganda,2010,54.3,10.3,3.7,1736.9,0.453,7.459857194059967
Uganda,2011,54.8,10.5,3.8,1799.3,0.461,7.495152979358473
Uganda,2012,54.8,10.5,3.9,1811.4,0.462,7.501855305940849
Uganda,2013,55.3,10.8,4.0,1879.4,0.471,7.538707855948965
Uganda,2014,55.4,10.8,4.1,1900.1,0.472,7.549661795348486
Uganda,2015,55.7,10.9,4.2,1944.4,0.477,7.5727087251713
Uganda,2016,56.0,11.0,4.3,1993.2,0.483,7.59749666640725
Uganda,2017,56.2,11.1,4.3,2032.0,0.486,7.616775808698373
Uganda,2019,54.8,11.5,4.6,2148.9,0.5,7.672711362288515
Uganda,2020,57.0,11.5,4.6,2171.7,0.501,7.683265549967206
Uganda,2021,57.3,11.6,4.7,2222.4,0.506,7.70634297200008
Uganda,2022,57.6,11.7,4.8,2274.6,0.511,7.7295594917503445
Yemen,2003,55.1,9.8,4.7,2543.2,0.484,7.841178409596593
Yemen,2004,55.3,9.9,4.8,2628.4,0.489,7.874130575023713
Yemen,2005,55.3,9.9,4.9,2697.0,0.491,7.89989532313973
Yemen,2006,55.4,10.0,4.9,2780.5,0.495,7.930386046627619
Yemen,2007,55.7,10.2,5.0,2879.4,0.501,7.965337218092255
Yemen,2008,55.8,10.3,5.1,2964.1,0.505,7.994328724038491
Yemen,2009,56.0,10.4,5.2,3056.3,0.509,8.024960313007561
Yemen,2010,56.0,10.4,5.2,3459.2,0.512,8.14879262744489
Yemen,2011,56.2,10.5,5.3,3244.8,0.516,8.084808993956809
Yemen,2012,56.3,10.6,5.4,3337.9,0.519,8.113097145714312
Yemen,2013,56.6,10.8,5.5,3459.2,0.526,8.14879262744489
Yemen,2014,56.8,10.9,5.6,3566.9,0.53,8.179452150202804
Yemen,2015,56.6,10.8,5.6,3647.7,0.53,8.201852110970481
Yemen,2016,56.8,11.0,5.7,3769.8,0.535,8.234777228636956
Yemen,2017,56.9,11.0,5.7,3880.5,0.538,8.263719290294194
Yemen,2018,57.1,11.2,5.8,4009.0,0.544,8.296297112642508
Yemen,2019,57.3,11.3,5.9,4138.4,0.548,8.328064518689306
Yemen,2020,57.3,11.3,6.0,4252.2,0.55,8.355191775044265
Yemen,2021,57.5,11.4,6.0,4388.9,0.555,8.386833905195358
Yemen,2022,57.7,11.5,6.1,4523.6,0.559,8.417063415997172
Zambia,2003,58.2,9.9,4.6,825.2,0.432,6.7156257811970965
Zambia,2004,58.4,9.9,4.7,829.0,0.433,6.720220155135295
Zambia,2005,59.0,10.1,5.199999999999999,866.3,0.442,6.764231268896094
Zambia,2006,59.2,10.2,4.8,878.1,0.445,6.77776048236595
Zambia,2007,59.5,10.3,4.9,892.2,0.448,6.7936903226941645
Zambia,2008,59.8,10.3,5.0,905.3,0.452,6.8082663804813945
Zambia,2009,59.8,10.3,5.0,894.5,0.45,6.796264902948774
Zambia,2010,60.3,10.5,5.1,934.9,0.459,6.84043957169727
Zambia,2011,60.6,10.6,5.1,947.8,0.462,6.854143509533488
Zambia,2012,60.7,10.5,5.1,941.8,0.462,6.847792937809454
Zambia,2013,61.1,10.7,5.199999999999999,971.2,0.468,6.878532420305234
Zambia,2014,61.4,10.8,5.3,992.5,0.472,6.900227012561346
Zambia,2015,61.9,10.9,5.4,1023.1,0.479,6.930592512884894
Zambia,2016,62.1,11.0,5.5,947.8,0.481,6.854143509533488
Zambia,2017,62.2,11.0,5.5,1032.1,0.481,6.939350840571888
Zambia,2018,62.7,11.2,5.6,1075.3,0.49,6.980354971396481
Zambia,2019,62.9,11.2,5.6,1076.7,0.49,6.981656086821672
Zambia,2020,63.1,11.2,5.7,1091.9,0.494,6.99567457702002
Zambia,2021,63.4,11.3,5.8,1109.6,0.497,7.0117548690006215
Zambia,2022,63.6,11.3,5.8,1115.5,0.499,7.017058013872587
Zimbabwe,2003,61.5,7.9,5.4,1146.5,0.455,7.044469102297959
Zimbabwe,2004,61.8,7.9,5.5,1181.5,0.459,7.074540096626962
Zimbabwe,2005,62.1,8.0,5.9,1223.1,0.464,7.1091438984933175
Zimbabwe,2006,62.4,8.1,5.6,1256.0,0.467,7.135687347028144
Zimbabwe,2007,62.7,8.1,5.6,1298.5,0.472,7.168965031102803
Zimbabwe,2008,63.1,8.2,5.7,1555.6,0.478,7.349616602281592
Zimbabwe,2009,63.3,8.2,5.7,1379.4,0.48,7.229403900997191
Zimbabwe,2010,63.4,8.5,5.7,1411.8,0.482,7.252620764961372
Zimbabwe,2011,64.1,8.5,5.9,1490.8,0.492,7.307068167605103
Zimbabwe,2012,64.3,8.5,5.9,1533.9,0.496,7.335568790754063
Zimbabwe,2013,64.4,8.4,5.9,1555.6,0.496,7.349616602281592
Zimbabwe,2014,64.9,8.5,5.9,1625.3,0.503,7.39344769310913
Zimbabwe,2015,65.0,8.6,6.0,1664.8,0.505,7.417460275079424
Zimbabwe,2016,65.4,8.7,6.1,1725.6,0.511,7.453330095074946
Zimbabwe,2017,65.7,8.8,6.1,1780.7,0.515,7.4847618244072684
Zimbabwe,2018,65.9,8.8,6.2,1832.0,0.519,7.513163545234075
Zimbabwe,2019,66.2,8.8,6.2,1884.9,0.522,7.541630048077011
Zimbabwe,2020,66.5,8.9,6.2,1946.0,0.526,7.57353126274595
Zimbabwe,2021,66.8,8.9,6.3,2005.9,0.53,7.603848116830652
Zimbabwe,2022,67.1,9.0,6.3,2070.8,0.535,7.635690285027747
